Picture Name,1,2,3,4,5,6,7,8,9,10,11,12,13,14,15,16,17,18,19,20,21,22,23,24,25,26,27,28,29,30,31,
Red,173,191,167,186,176,188,177,183,160,162,173,208,188,196,188,183,208,198,210,195,187,202,197,209,190,186,196,196,203,191,187,
Green,202,206,189,197,189,201,192,205,218,228,220,222,225,214,209,206,209,200,206,198,197,199,185,204,198,187,191,188,196,184,188,
Blue,184,194,177,185,176,197,188,194,179,184,145,187,148,164,155,149,171,155,158,168,146,167,172,189,196,177,182,183,188,175,188,
2981 C1 W-HW 4 water,7,0,15,0,0,0,0,0,0,0,0,2,0,2,0,0,0,0,2,0,0,0,0,0,0,0,0,0,127,0,0,1-Apr-19
2982 C1 W-HW 5 water,0,0,0,0,0,0,0,0,0,0,0,0,0,0,0,0,0,0,1,0,0,0,0,0,0,0,0,0,21,0,0,1-Apr-19
2983 C1 W-HW 6 water,0,0,3,0,0,0,0,0,0,0,0,14,1,8,0,0,0,0,13,0,0,0,0,0,0,0,0,0,43,0,0,1-Apr-19
2984 C1 W-HW 7 water,0,0,0,0,0,0,0,0,0,0,0,0,0,0,0,0,0,0,1,0,0,0,0,0,0,0,0,0,176,0,0,1-Apr-19
2985 C1 W-HW 8 water,5,0,22,0,0,0,0,0,0,0,0,13,2,5,0,0,0,0,7,0,0,0,0,0,0,0,0,0,180,0,0,1-Apr-19
2986 C1 W-HW 9 water,0,0,0,0,0,0,0,0,0,0,0,0,0,0,0,0,0,0,1,0,0,0,0,0,0,0,0,0,19,0,0,1-Apr-19
3005 C1 W-HW 4 water,6,0,15,0,0,0,0,0,0,0,0,4,2,1,0,0,0,0,4,0,0,0,0,0,0,0,0,0,48,0,0,15-Apr-19
3006 C1 W-HW 5 water,0,0,0,0,0,0,0,0,0,0,0,0,0,0,0,0,0,0,0,0,0,0,0,0,0,0,0,0,32,0,0,15-Apr-19
3007 C1 W-HW 6 water,0,0,1,0,0,0,0,0,0,0,0,4,2,3,0,0,0,0,8,0,0,0,0,0,0,0,0,0,315,0,0,15-Apr-19
3008 C1 W-HW 7 water,0,0,0,0,0,0,0,0,0,0,0,0,0,0,0,0,0,0,0,0,0,0,0,0,0,0,0,0,51,0,0,15-Apr-19
3009 C1 W-HW 8 water,3,0,37,0,0,0,0,0,0,0,0,12,0,13,0,0,0,0,8,0,0,0,0,0,0,0,0,0,121,0,0,15-Apr-19
3010 C1 W-HW 9 water,0,0,0,0,0,0,0,0,0,0,0,0,0,0,0,0,0,0,1,0,0,0,0,0,0,0,0,0,40,0,0,15-Apr-19
1420 C1 W-HW 4 water,4,0,17,0,0,0,0,0,0,0,0,6,4,1,0,0,0,0,8,0,0,0,0,0,0,0,0,0,39,0,0,2-Aug-18
1421 C1 W-HW 5 water,0,0,4,0,0,0,0,0,0,0,0,8,3,9,0,0,0,0,21,0,0,0,0,0,0,0,0,0,62,0,0,2-Aug-18
1422 C1 W-HW 6 water,8,0,22,0,0,0,0,0,0,0,0,11,2,3,0,0,0,0,6,0,0,0,0,0,0,0,0,0,135,0,0,2-Aug-18
1423 C1 W-HW 7 water,3,0,7,0,0,0,0,0,0,0,0,1,0,3,0,0,0,0,3,0,0,0,0,0,0,0,0,0,135,0,0,2-Aug-18
1424 C1 W-HW 8 water,20,0,15,0,0,0,0,0,0,0,0,19,2,13,0,0,0,0,5,0,0,0,0,0,0,0,0,0,127,0,0,2-Aug-18
1425 C1 W-HW 9 water,0,0,0,0,0,0,0,0,0,0,0,0,0,0,0,0,0,0,0,0,0,0,0,0,0,0,0,0,76,0,0,2-Aug-18
1426 C1 W-HW 13 drought,0,0,0,0,0,0,0,0,0,0,0,0,0,0,0,0,0,0,2,0,0,0,0,0,0,0,0,0,416,0,0,2-Aug-18
1427 C1 W-HW 14 drought,0,0,0,0,0,0,0,0,0,0,0,0,0,0,0,0,0,0,0,0,0,0,0,0,0,0,0,0,8,0,0,2-Aug-18
1428 C1 W-HW 15 drought,0,0,0,0,0,0,0,0,0,0,0,0,0,0,0,0,0,0,3,0,0,0,0,0,0,0,0,0,39,0,0,2-Aug-18
1429 C1 W-HW 16 drought,0,0,5,0,0,0,0,0,0,0,0,13,0,9,0,0,0,0,3,0,0,0,0,0,0,0,0,0,216,0,0,2-Aug-18
1430 C1 W-HW 17 drought,3,0,13,0,0,0,0,0,0,0,0,17,1,11,0,0,0,0,0,0,0,0,0,0,0,0,0,0,232,0,0,2-Aug-18
1431 C1 W-HW 18 drought,0,0,3,0,0,0,0,0,0,0,0,37,0,23,0,0,0,0,5,0,0,0,0,0,0,0,0,0,41,0,0,2-Aug-18
1432 C1 W-HW 19 drought,0,0,0,0,0,0,0,0,0,0,0,0,0,0,0,0,0,0,2,0,0,0,0,0,0,0,0,0,36,0,0,2-Aug-18
1433 C1 W-HW 20 drought,0,0,2,0,0,0,0,0,0,0,0,7,1,2,0,0,0,0,13,0,0,0,0,0,0,0,0,0,83,0,0,2-Aug-18
1434 C1 W-HW 21 drought,0,0,0,0,0,0,0,0,0,0,0,20,0,7,0,0,0,0,9,0,0,0,0,0,0,0,0,0,150,0,0,2-Aug-18
1435 C1 W-HW 22 drought,0,0,1,0,0,0,0,0,0,0,0,12,2,12,0,0,0,0,1,0,0,0,0,0,0,0,0,0,49,0,0,2-Aug-18
1436 C1 W-HW 23 drought,2,0,13,0,0,0,0,0,0,0,0,21,9,20,0,0,0,0,0,0,0,0,0,0,0,0,0,0,106,0,0,2-Aug-18
1437 C1 W-HW 24 drought,1,0,7,0,0,0,0,0,0,0,0,9,0,8,0,0,0,0,71,0,0,0,0,0,0,0,0,0,479,0,0,2-Aug-18
1438 C1 W-HW 25 drought,0,0,0,0,0,0,0,0,0,0,0,0,0,0,0,0,0,0,2,0,0,0,0,0,0,0,0,0,25,0,0,2-Aug-18
1439 C1 W-HW 26 drought,0,0,2,0,0,0,0,0,0,0,0,34,0,21,0,0,0,0,5,0,0,0,0,0,0,0,0,0,25,0,0,2-Aug-18
1440 C1 W-HW 27 drought,2,0,4,0,0,0,0,0,0,0,0,7,14,8,0,0,0,0,3,0,0,0,0,0,0,0,0,0,69,0,0,2-Aug-18
1508 C1 W-HW 4 water,11,0,16,0,0,0,0,0,0,0,0,4,5,3,0,0,0,0,4,0,0,0,0,0,0,0,0,0,56,0,0,10-Aug-18
1509 C1 W-HW 5 water,1,0,3,0,0,0,0,0,0,0,0,5,8,1,0,0,0,0,7,0,0,0,0,0,0,0,0,0,235,0,0,10-Aug-18
1510 C1 W-HW 6 water,10,0,7,0,0,0,0,0,0,0,0,7,6,11,0,0,0,0,5,0,0,0,0,0,0,0,0,0,57,0,0,10-Aug-18
1511 C1 W-HW 7 water,8,0,10,0,0,0,0,0,0,0,0,3,1,2,0,0,0,0,1,0,0,0,0,0,0,0,0,0,75,0,0,10-Aug-18
1512 C1 W-HW 8 water,14,0,14,0,0,0,0,0,0,0,0,19,5,15,0,0,0,0,1,0,0,0,0,0,0,0,0,0,95,0,0,10-Aug-18
1513 C1 W-HW 9 water,0,0,0,0,0,0,0,0,0,0,0,0,0,0,0,0,0,0,2,0,0,0,0,0,0,0,0,0,34,0,0,10-Aug-18
1514 C1 W-HW 13 drought,0,0,0,0,0,0,0,0,0,0,0,0,0,0,0,0,0,0,1,0,0,0,0,0,0,0,0,0,12,0,0,10-Aug-18
1515 C1 W-HW 14 drought,0,0,0,0,0,0,0,0,0,0,0,0,0,0,0,0,0,0,0,0,0,0,0,0,0,0,0,0,25,0,0,10-Aug-18
1516 C1 W-HW 15 drought,0,0,0,0,0,0,0,0,0,0,0,0,0,0,0,0,0,0,26,0,0,0,0,0,0,0,0,0,113,0,0,10-Aug-18
1517 C1 W-HW 16 drought,0,0,0,0,0,0,0,0,0,0,0,4,0,1,0,0,0,0,6,0,0,0,0,0,0,0,0,0,41,0,0,10-Aug-18
1518 C1 W-HW 17 drought,2,0,5,0,0,0,0,0,0,0,0,32,0,44,0,0,0,0,6,0,0,0,0,0,0,0,0,0,109,0,0,10-Aug-18
1519 C1 W-HW 18 drought,0,0,0,0,0,0,0,0,0,0,0,7,0,0,0,0,0,0,13,0,0,0,0,0,0,0,0,0,28,0,0,10-Aug-18
1520 C1 W-HW 19 drought,0,0,0,0,0,0,0,0,0,0,0,0,0,0,0,0,0,0,36,0,0,0,0,0,0,0,0,0,273,0,0,10-Aug-18
1521 C1 W-HW 20 drought,0,0,0,0,0,0,0,0,0,0,0,8,1,1,0,0,0,0,20,0,0,0,0,0,0,0,0,0,72,0,0,10-Aug-18
1522 C1 W-HW 21 drought,0,0,0,0,0,0,0,0,0,0,0,1,0,1,0,0,0,0,7,0,0,0,0,0,0,0,0,0,24,0,0,10-Aug-18
1523 C1 W-HW 22 drought,0,0,3,0,0,0,0,0,0,0,0,12,0,2,0,0,0,0,10,0,0,0,0,0,0,0,0,0,52,0,0,10-Aug-18
1524 C1 W-HW 23 drought,0,0,5,0,0,0,0,0,0,0,0,31,0,17,0,0,0,0,2,0,0,0,0,0,0,0,0,0,42,0,0,10-Aug-18
1525 C1 W-HW 24 drought,0,0,6,0,0,0,0,0,0,0,0,19,4,11,0,0,0,0,9,0,0,0,0,0,0,0,0,0,26,0,0,10-Aug-18
1526 C1 W-HW 25 drought,0,0,0,0,0,0,0,0,0,0,0,0,0,0,0,0,0,0,9,0,0,0,0,0,0,0,0,0,22,0,0,10-Aug-18
1527 C1 W-HW 26 drought,1,0,8,0,0,0,0,0,0,0,0,21,0,23,0,0,0,0,3,0,0,0,0,0,0,0,0,0,26,0,0,10-Aug-18
1528 C1 W-HW 27 drought,4,0,4,0,0,0,0,0,0,0,0,15,18,11,0,0,0,0,3,0,0,0,0,0,0,0,0,0,73,0,0,10-Aug-18
1602 C1 W-HW 4 water,10,0,11,0,0,0,0,0,0,0,0,1,2,1,0,0,0,0,1,0,0,0,0,0,0,0,0,0,131,0,0,16-Aug-18
1603 C1 W-HW 5 water,3,0,3,0,0,0,0,0,0,0,0,11,2,5,0,0,0,0,63,0,0,0,0,0,0,0,0,0,216,0,0,16-Aug-18
1604 C1 W-HW 6 water,11,0,22,0,0,0,0,0,0,0,0,6,3,12,0,0,0,0,34,0,0,0,0,0,0,0,0,0,749,0,0,16-Aug-18
1605 C1 W-HW 7 water,7,0,8,0,0,0,0,0,0,0,0,4,2,3,0,0,0,0,3,0,0,0,0,0,0,0,0,0,76,0,0,16-Aug-18
1606 C1 W-HW 8 water,10,0,21,0,0,0,0,0,0,0,0,21,11,11,0,0,0,0,6,0,0,0,0,0,0,0,0,0,51,0,0,16-Aug-18
1607 C1 W-HW 9 water,0,0,0,0,0,0,0,0,0,0,0,0,0,0,0,0,0,0,0,0,0,0,0,0,0,0,0,0,18,0,0,16-Aug-18
1608 C1 W-HW 13 drought,0,0,0,0,0,0,0,0,0,0,0,1,0,0,0,0,0,0,9,0,0,0,0,0,0,0,0,0,61,0,0,16-Aug-18
1609 C1 W-HW 14 drought,0,0,0,0,0,0,0,0,0,0,0,0,0,0,0,0,0,0,0,0,0,0,0,0,0,0,0,0,18,0,0,16-Aug-18
1610 C1 W-HW 15 drought,0,0,0,0,0,0,0,0,0,0,0,0,0,0,0,0,0,0,0,0,0,0,0,0,0,0,0,0,29,0,0,16-Aug-18
1611 C1 W-HW 16 drought,0,0,0,0,0,0,0,0,0,0,0,0,0,0,0,0,0,0,2,0,0,0,0,0,0,0,0,0,25,0,0,16-Aug-18
1612 C1 W-HW 17 drought,0,0,1,0,0,0,0,0,0,0,0,37,1,27,0,0,0,0,3,0,0,0,0,0,0,0,0,0,67,0,0,16-Aug-18
1613 C1 W-HW 18 drought,0,0,0,0,0,0,0,0,0,0,0,0,0,0,0,0,0,0,2,0,0,0,0,0,0,0,0,0,29,0,0,16-Aug-18
1614 C1 W-HW 19 drought,0,0,0,0,0,0,0,0,0,0,0,0,0,0,0,0,0,0,3,0,0,0,0,0,0,0,0,0,20,0,0,16-Aug-18
1615 C1 W-HW 20 drought,0,0,0,0,0,0,0,0,0,0,0,0,0,0,0,0,0,0,4,0,0,0,0,0,0,0,0,0,47,0,0,16-Aug-18
1616 C1 W-HW 21 drought,0,0,0,0,0,0,0,0,0,0,0,1,0,0,0,0,0,0,21,0,0,0,0,0,0,0,0,0,93,0,0,16-Aug-18
1617 C1 W-HW 22 drought,0,0,0,0,0,0,0,0,0,0,0,0,0,0,0,0,0,0,1,0,0,0,0,0,0,0,0,0,55,0,0,16-Aug-18
1618 C1 W-HW 23 drought,1,0,4,0,0,0,0,0,0,0,0,28,1,12,0,0,0,0,3,0,0,0,0,0,0,0,0,0,66,0,0,16-Aug-18
1619 C1 W-HW 24 drought,0,0,0,0,0,0,0,0,0,0,0,18,1,9,0,0,0,0,3,0,0,0,0,0,0,0,0,0,65,0,0,16-Aug-18
1620 C1 W-HW 25 drought,0,0,0,0,0,0,0,0,0,0,0,0,0,0,0,0,0,0,1,0,0,0,0,0,0,0,0,0,26,0,0,16-Aug-18
1621 C1 W-HW 26 drought,0,0,0,0,0,0,0,0,0,0,0,6,0,6,0,0,0,0,10,0,0,0,0,0,0,0,0,0,17,0,0,16-Aug-18
1622 C1 W-HW 27 drought,2,0,9,0,0,0,0,0,0,0,0,18,1,14,0,0,0,0,7,0,0,0,0,0,0,0,0,0,83,0,0,16-Aug-18
1690 C1 W-HW 4 water,14,0,13,0,0,0,0,0,0,0,0,4,4,3,0,0,0,0,0,0,0,0,0,0,0,0,0,0,50,0,0,24-Aug-18
1691 C1 W-HW 5 water,0,0,3,0,0,0,0,0,0,0,0,4,4,3,0,0,0,0,4,0,0,0,0,0,0,0,0,0,126,0,0,24-Aug-18
1692 C1 W-HW 6 water,6,0,12,0,0,0,0,0,0,0,0,6,5,4,0,0,0,0,22,0,0,0,0,0,0,0,0,0,1102,0,0,24-Aug-18
1693 C1 W-HW 7 water,8,0,4,0,0,0,0,0,0,0,0,3,2,0,0,0,0,0,1,0,0,0,0,0,0,0,0,0,76,0,0,24-Aug-18
1694 C1 W-HW 8 water,11,0,23,0,0,0,0,0,0,0,0,20,5,9,0,0,0,0,6,0,0,0,0,0,0,0,0,0,44,0,0,24-Aug-18
1695 C1 W-HW 9 water,0,0,0,0,0,0,0,0,0,0,0,0,0,0,0,0,0,0,0,0,0,0,0,0,0,0,0,0,32,0,0,24-Aug-18
1696 C1 W-HW 13 drought,0,0,0,0,0,0,0,0,0,0,0,0,0,0,0,0,0,0,0,0,0,0,0,0,0,0,0,0,25,0,0,24-Aug-18
1697 C1 W-HW 14 drought,0,0,0,0,0,0,0,0,0,0,0,0,0,0,0,0,0,0,5,0,0,0,0,0,0,0,0,0,20,0,0,24-Aug-18
1698 C1 W-HW 15 drought,0,0,0,0,0,0,0,0,0,0,0,0,0,0,0,0,0,0,1,0,0,0,0,0,0,0,0,0,25,0,0,24-Aug-18
1699 C1 W-HW 16 drought,0,0,0,0,0,0,0,0,0,0,0,0,0,0,0,0,0,0,0,0,0,0,0,0,0,0,0,0,23,0,0,24-Aug-18
1700 C1 W-HW 17 drought,0,0,0,0,0,0,0,0,0,0,0,3,0,0,0,0,0,0,2,0,0,0,0,0,0,0,0,0,32,0,0,24-Aug-18
1701 C1 W-HW 18 drought,0,0,0,0,0,0,0,0,0,0,0,0,0,0,0,0,0,0,0,0,0,0,0,0,0,0,0,0,27,0,0,24-Aug-18
1702 C1 W-HW 19 drought,0,0,0,0,0,0,0,0,0,0,0,0,0,0,0,0,0,0,1,0,0,0,0,0,0,0,0,0,16,0,0,24-Aug-18
1703 C1 W-HW 20 drought,0,0,0,0,0,0,0,0,0,0,0,0,0,0,0,0,0,0,0,0,0,0,0,0,0,0,0,0,41,0,0,24-Aug-18
1704 C1 W-HW 21 drought,0,0,0,0,0,0,0,0,0,0,0,0,0,0,0,0,0,0,15,0,0,0,0,0,0,0,0,0,40,0,0,24-Aug-18
1705 C1 W-HW 22 drought,0,0,0,0,0,0,0,0,0,0,0,0,0,0,0,0,0,0,1,0,0,0,0,0,0,0,0,0,54,0,0,24-Aug-18
1706 C1 W-HW 23 drought,0,0,0,0,0,0,0,0,0,0,0,18,2,11,0,0,0,0,5,0,0,0,0,0,0,0,0,0,30,0,0,24-Aug-18
1707 C1 W-HW 24 drought,0,0,0,0,0,0,0,0,0,0,0,7,0,4,0,0,0,0,5,0,0,0,0,0,0,0,0,0,46,0,0,24-Aug-18
1708 C1 W-HW 25 drought,0,0,0,0,0,0,0,0,0,0,0,0,0,0,0,0,0,0,2,0,0,0,0,0,0,0,0,0,27,0,0,24-Aug-18
1709 C1 W-HW 26 drought,0,0,0,0,0,0,0,0,0,0,0,0,0,2,0,0,0,0,4,0,0,0,0,0,0,0,0,0,33,0,0,24-Aug-18
1710 C1 W-HW 27 drought,0,0,0,0,0,0,0,0,0,0,0,1,0,0,0,0,0,0,10,0,0,0,0,0,0,0,0,0,58,0,0,24-Aug-18
1778 C1 W-HW 4 water,8,0,9,0,0,0,0,0,0,0,0,7,2,4,0,0,0,0,3,0,0,0,0,0,0,0,0,0,51,0,0,31-Aug-18
1779 C1 W-HW 5 water,4,0,2,0,0,0,0,0,0,0,0,8,4,6,0,0,0,0,6,0,0,0,0,0,0,0,0,0,36,0,0,31-Aug-18
1780 C1 W-HW 6 water,18,0,21,0,0,0,0,0,0,0,0,14,5,6,0,0,0,0,17,0,0,0,0,0,0,0,0,0,64,0,0,31-Aug-18
1781 C1 W-HW 7 water,6,0,4,0,0,0,0,0,0,0,0,2,1,1,0,0,0,0,0,0,0,0,0,0,0,0,0,0,138,0,0,31-Aug-18
1782 C1 W-HW 8 water,10,0,27,0,0,0,0,0,0,0,0,19,7,15,0,0,0,0,2,0,0,0,0,0,0,0,0,0,50,0,0,31-Aug-18
1783 C1 W-HW 9 water,0,0,0,0,0,0,0,0,0,0,0,0,0,0,0,0,0,0,1,0,0,0,0,0,0,0,0,0,22,0,0,31-Aug-18
1784 C1 W-HW 13 drought,0,0,0,0,0,0,0,0,0,0,0,0,0,0,0,0,0,0,0,0,0,0,0,0,0,0,0,0,105,0,0,31-Aug-18
1785 C1 W-HW 14 drought,0,0,0,0,0,0,0,0,0,0,0,0,0,0,0,0,0,0,1,0,0,0,0,0,0,0,0,0,28,0,0,31-Aug-18
1786 C1 W-HW 15 drought,0,0,0,0,0,0,0,0,0,0,0,0,0,0,0,0,0,0,0,0,0,0,0,0,0,0,0,0,34,0,0,31-Aug-18
1787 C1 W-HW 16 drought,0,0,0,0,0,0,0,0,0,0,0,0,0,0,0,0,0,0,0,0,0,0,0,0,0,0,0,0,18,0,0,31-Aug-18
1788 C1 W-HW 17 drought,0,0,0,0,0,0,0,0,0,0,0,1,0,0,0,0,0,0,4,0,0,0,0,0,0,0,0,0,29,0,0,31-Aug-18
1789 C1 W-HW 18 drought,0,0,0,0,0,0,0,0,0,0,0,0,0,0,0,0,0,0,0,0,0,0,0,0,0,0,0,0,36,0,0,31-Aug-18
1790 C1 W-HW 19 drought,0,0,0,0,0,0,0,0,0,0,0,0,0,0,0,0,0,0,6,0,0,0,0,0,0,0,0,0,30,0,0,31-Aug-18
1791 C1 W-HW 20 drought,0,0,0,0,0,0,0,0,0,0,0,0,0,0,0,0,0,0,0,0,0,0,0,0,0,0,0,0,47,0,0,31-Aug-18
1792 C1 W-HW 21 drought,0,0,0,0,0,0,0,0,0,0,0,0,0,0,0,0,0,0,0,0,0,0,0,0,0,0,0,0,13,0,0,31-Aug-18
1793 C1 W-HW 22 drought,0,0,0,0,0,0,0,0,0,0,0,0,0,0,0,0,0,0,1,0,0,0,0,0,0,0,0,0,44,0,0,31-Aug-18
1794 C1 W-HW 23 drought,0,0,0,0,0,0,0,0,0,0,0,5,0,2,0,0,0,0,1,0,0,0,0,0,0,0,0,0,20,0,0,31-Aug-18
1795 C1 W-HW 24 drought,0,0,0,0,0,0,0,0,0,0,0,1,0,0,0,0,0,0,6,0,0,0,0,0,0,0,0,0,70,0,0,31-Aug-18
1796 C1 W-HW 25 drought,0,0,0,0,0,0,0,0,0,0,0,0,0,0,0,0,0,0,2,0,0,0,0,0,0,0,0,0,29,0,0,31-Aug-18
1797 C1 W-HW 26 drought,0,0,0,0,0,0,0,0,0,0,0,0,0,0,0,0,0,0,0,0,0,0,0,0,0,0,0,0,67,0,0,31-Aug-18
1798 C1 W-HW 27 drought,0,0,0,0,0,0,0,0,0,0,0,0,0,0,0,0,0,0,1,0,0,0,0,0,0,0,0,0,76,0,0,31-Aug-18
2885 C1 W-HW 4 water,2,0,17,0,0,0,0,0,0,0,0,3,3,2,0,0,0,0,3,0,0,0,0,0,0,0,0,0,408,0,0,1-Feb-19
2886 C1 W-HW 5 water,0,0,0,0,0,0,0,0,0,0,0,0,0,0,0,0,0,0,0,0,0,0,0,0,0,0,0,0,15,0,0,1-Feb-19
2887 C1 W-HW 6 water,2,0,4,0,0,0,0,0,0,0,0,13,3,7,0,0,0,0,18,0,0,0,0,0,0,0,0,0,82,0,0,1-Feb-19
2888 C1 W-HW 7 water,0,0,0,0,0,0,0,0,0,0,0,0,0,0,0,0,0,0,6,0,0,0,0,0,0,0,0,0,30,0,0,1-Feb-19
2889 C1 W-HW 8 water,3,0,31,0,0,0,0,0,0,0,0,13,0,14,0,0,0,0,5,0,0,0,0,0,0,0,0,0,32,0,0,1-Feb-19
2890 C1 W-HW 9 water,0,0,0,0,0,0,0,0,0,0,0,0,0,0,0,0,0,0,12,0,0,0,0,0,0,0,0,0,23,0,0,1-Feb-19
2909 C1 W-HW 4 water,6,0,10,0,0,0,0,0,0,0,0,5,2,5,0,0,0,0,0,0,0,0,0,0,0,0,0,0,446,0,0,22-Feb-19
2910 C1 W-HW 5 water,0,0,0,0,0,0,0,0,0,0,0,0,0,0,0,0,0,0,1,0,0,0,0,0,0,0,0,0,13,0,0,22-Feb-19
2911 C1 W-HW 6 water,4,0,5,0,0,0,0,0,0,0,0,9,2,13,0,0,0,0,6,0,0,0,0,0,0,0,0,0,218,0,0,22-Feb-19
2912 C1 W-HW 7 water,0,0,0,0,0,0,0,0,0,0,0,0,0,0,0,0,0,0,0,0,0,0,0,0,0,0,0,0,19,0,0,22-Feb-19
2913 C1 W-HW 8 water,4,0,31,0,0,0,0,0,0,0,0,18,2,13,0,0,0,0,3,0,0,0,0,0,0,0,0,0,100,0,0,22-Feb-19
2914 C1 W-HW 9 water,0,0,0,0,0,0,0,0,0,0,0,0,0,0,0,0,0,0,2,0,0,0,0,0,0,0,0,0,23,0,0,22-Feb-19
2805 C1 W-HW 4 water,3,0,5,0,0,0,0,0,0,0,0,9,0,6,0,0,0,0,0,0,0,0,0,0,0,0,0,0,16,0,0,11-Jan-19
2806 C1 W-HW 5 water,0,0,0,0,0,0,0,0,0,0,0,2,0,0,0,0,0,0,16,0,0,0,0,0,0,0,0,0,18,0,0,11-Jan-19
2807 C1 W-HW 6 water,1,0,8,0,0,0,0,0,0,0,0,17,5,12,0,0,0,0,12,0,0,0,0,0,0,0,0,0,38,0,0,11-Jan-19
2808 C1 W-HW 7 water,0,0,0,0,0,0,0,0,0,0,0,0,0,0,0,0,0,0,0,0,0,0,0,0,0,0,0,0,30,0,0,11-Jan-19
2809 C1 W-HW 8 water,8,0,21,0,0,0,0,0,0,0,0,12,0,13,0,0,0,0,6,0,0,0,0,0,0,0,0,0,82,0,0,11-Jan-19
2810 C1 W-HW 9 water,0,0,0,0,0,0,0,0,0,0,0,0,0,0,0,0,0,0,1,0,0,0,0,0,0,0,0,0,30,0,0,11-Jan-19
2837 C1 W-HW 4 water,4,0,11,0,0,0,0,0,0,0,0,3,3,1,0,0,0,0,45,0,0,0,0,0,0,0,0,0,560,0,0,18-Jan-19
2838 C1 W-HW 5 water,0,0,0,0,0,0,0,0,0,0,0,0,0,0,0,0,0,0,0,0,0,0,0,0,0,0,0,0,9,0,0,18-Jan-19
2839 C1 W-HW 6 water,2,0,7,0,0,0,0,0,0,0,0,8,3,9,0,0,0,0,25,0,0,0,0,0,0,0,0,0,51,0,0,18-Jan-19
2840 C1 W-HW 7 water,0,0,0,0,0,0,0,0,0,0,0,0,0,0,0,0,0,0,6,0,0,0,0,0,0,0,0,0,54,0,0,18-Jan-19
2841 C1 W-HW 8 water,4,0,20,0,0,0,0,0,0,0,0,13,1,25,0,0,0,0,7,0,0,0,0,0,0,0,0,0,119,0,0,18-Jan-19
2842 C1 W-HW 9 water,0,0,0,0,0,0,0,0,0,0,0,0,0,0,0,0,0,0,4,0,0,0,0,0,0,0,0,0,25,0,0,18-Jan-19
2861 C1 W-HW 4 water,2,0,13,0,0,0,0,0,0,0,0,6,3,3,0,0,0,0,4,0,0,0,0,0,0,0,0,0,126,0,0,25-Jan-19
2862 C1 W-HW 5 water,0,0,0,0,0,0,0,0,0,0,0,0,0,0,0,0,0,0,0,0,0,0,0,0,0,0,0,0,15,0,0,25-Jan-19
2863 C1 W-HW 6 water,2,0,2,0,0,0,0,0,0,0,0,17,3,15,0,0,0,0,2,0,0,0,0,0,0,0,0,0,44,0,0,25-Jan-19
2864 C1 W-HW 7 water,0,0,0,0,0,0,0,0,0,0,0,0,0,0,0,0,0,0,1,0,0,0,0,0,0,0,0,0,48,0,0,25-Jan-19
2865 C1 W-HW 8 water,4,0,10,0,0,0,0,0,0,0,0,12,1,16,0,0,0,0,6,0,0,0,0,0,0,0,0,0,117,0,0,25-Jan-19
2866 C1 W-HW 9 water,0,0,0,0,0,0,0,0,0,0,0,0,0,0,0,0,0,0,21,0,0,0,0,0,0,0,0,0,37,0,0,25-Jan-19
1128 C1 W-HW 4 water,19,0,11,0,0,0,0,0,0,0,0,2,6,0,0,0,0,0,0,0,0,0,0,0,0,0,0,0,43,0,0,13-Jul-18
1129 C1 W-HW 5 water,1,0,6,0,0,0,0,0,0,0,0,17,2,11,0,0,0,0,24,0,0,0,0,0,0,0,0,0,33,0,0,13-Jul-18
1130 C1 W-HW 6 water,5,0,20,0,0,0,0,0,0,0,0,3,1,22,0,0,0,0,56,0,0,0,0,0,0,0,0,0,369,0,0,13-Jul-18
1131 C1 W-HW 7 water,8,0,8,0,0,0,0,0,0,0,0,9,2,2,0,0,0,0,1,0,0,0,0,0,0,0,0,0,84,0,0,13-Jul-18
1132 C1 W-HW 8 water,14,0,28,0,0,0,0,0,0,0,0,23,4,16,0,0,0,0,2,0,0,0,0,0,0,0,0,0,63,0,0,13-Jul-18
1133 C1 W-HW 9 water,0,0,0,0,0,0,0,0,0,0,0,0,0,0,0,0,0,0,4,0,0,0,0,0,0,0,0,0,54,0,0,13-Jul-18
1134 C1 W-HW 13 drought,0,0,0,0,0,0,0,0,0,0,0,1,0,0,0,0,0,0,2,0,0,0,0,0,0,0,0,0,37,0,0,13-Jul-18
1135 C1 W-HW 14 drought,0,0,0,0,0,0,0,0,0,0,0,33,3,18,0,0,0,0,2,0,0,0,0,0,0,0,0,0,68,0,0,13-Jul-18
1136 C1 W-HW 15 drought,0,0,0,0,0,0,0,0,0,0,0,2,0,2,0,0,0,0,9,0,0,0,0,0,0,0,0,0,218,0,0,13-Jul-18
1137 C1 W-HW 16 drought,1,0,8,0,0,0,0,0,0,0,0,1,0,2,0,0,0,0,106,0,0,0,0,0,0,0,0,0,27,0,0,13-Jul-18
1138 C1 W-HW 17 drought,1,0,8,0,0,0,0,0,0,0,0,11,0,6,0,0,0,0,0,0,0,0,0,0,0,0,0,0,50,0,0,13-Jul-18
1139 C1 W-HW 18 drought,2,0,6,0,0,0,0,0,0,0,0,29,12,23,0,0,0,0,7,0,0,0,0,0,0,0,0,0,38,0,0,13-Jul-18
1140 C1 W-HW 19 drought,0,0,0,0,0,0,0,0,0,0,0,0,0,2,0,0,0,0,8,0,0,0,0,0,0,0,0,0,1035,0,0,13-Jul-18
1141 C1 W-HW 20 drought,2,0,7,0,0,0,0,0,0,0,0,5,0,1,0,0,0,0,76,0,0,0,0,0,0,0,0,0,242,0,0,13-Jul-18
1142 C1 W-HW 21 drought,6,0,11,0,0,0,0,0,0,0,0,12,5,10,0,0,0,0,80,0,0,0,0,0,0,0,0,0,52,0,0,13-Jul-18
1143 C1 W-HW 22 drought,2,0,19,0,0,0,0,0,0,0,0,5,12,5,0,0,0,0,1,0,0,0,0,0,0,0,0,0,41,0,0,13-Jul-18
1144 C1 W-HW 23 drought,3,0,7,0,0,0,0,0,0,0,0,36,6,21,0,0,0,0,0,0,0,0,0,0,0,0,0,0,39,0,0,13-Jul-18
1145 C1 W-HW 24 drought,3,0,2,0,0,0,0,0,0,0,0,5,3,8,0,0,0,0,1,0,0,0,0,0,0,0,0,0,232,0,0,13-Jul-18
1146 C1 W-HW 25 drought,0,0,2,0,0,0,0,0,0,0,0,18,0,22,0,0,0,0,23,0,0,0,0,0,0,0,0,0,16,0,0,13-Jul-18
1147 C1 W-HW 26 drought,3,0,4,0,0,0,0,0,0,0,0,20,8,21,0,0,0,0,8,0,0,0,0,0,0,0,0,0,11,0,0,13-Jul-18
1148 C1 W-HW 27 drought,15,0,13,0,0,0,0,0,0,0,0,8,1,8,0,0,0,0,34,0,0,0,0,0,0,0,0,0,37,0,0,13-Jul-18
1242 C1 W-HW 4 water,9,0,8,0,0,0,0,0,0,0,0,6,3,2,0,0,0,0,2,0,0,0,0,0,0,0,0,0,61,0,0,19-Jul-18
1243 C1 W-HW 5 water,3,0,4,0,0,0,0,0,0,0,0,2,1,5,0,0,0,0,47,0,0,0,0,0,0,0,0,0,26,0,0,19-Jul-18
1244 C1 W-HW 6 water,15,0,14,0,0,0,0,0,0,0,0,5,6,4,0,0,0,0,1,0,0,0,0,0,0,0,0,0,38,0,0,19-Jul-18
1245 C1 W-HW 7 water,7,0,10,0,0,0,0,0,0,0,0,5,1,6,0,0,0,0,0,0,0,0,0,0,0,0,0,0,70,0,0,19-Jul-18
1246 C1 W-HW 8 water,16,0,20,0,0,0,0,0,0,0,0,7,2,8,0,0,0,0,3,0,0,0,0,0,0,0,0,0,86,0,0,19-Jul-18
1247 C1 W-HW 9 water,0,0,0,0,0,0,0,0,0,0,0,0,0,0,0,0,0,0,0,0,0,0,0,0,0,0,0,0,35,0,0,19-Jul-18
1248 C1 W-HW 13 drought,0,0,0,0,0,0,0,0,0,0,0,0,0,0,0,0,0,0,7,0,0,0,0,0,0,0,0,0,29,0,0,19-Jul-18
1249 C1 W-HW 14 drought,0,0,1,0,0,0,0,0,0,0,0,31,0,13,0,0,0,0,6,0,0,0,0,0,0,0,0,0,31,0,0,19-Jul-18
1250 C1 W-HW 15 drought,0,0,0,0,0,0,0,0,0,0,0,0,0,0,0,0,0,0,3,0,0,0,0,0,0,0,0,0,29,0,0,19-Jul-18
1251 C1 W-HW 16 drought,5,0,9,0,0,0,0,0,0,0,0,5,3,7,0,0,0,0,1,0,0,0,0,0,0,0,0,0,52,0,0,19-Jul-18
1252 C1 W-HW 17 drought,8,0,8,0,0,0,0,0,0,0,0,18,0,7,0,0,0,0,1,0,0,0,0,0,0,0,0,0,148,0,0,19-Jul-18
1253 C1 W-HW 18 drought,6,0,12,0,0,0,0,0,0,0,0,21,6,26,0,0,0,0,4,0,0,0,0,0,0,0,0,0,39,0,0,19-Jul-18
1254 C1 W-HW 19 drought,0,0,0,0,0,0,0,0,0,0,0,0,0,0,0,0,0,0,6,0,0,0,0,0,0,0,0,0,25,0,0,19-Jul-18
1255 C1 W-HW 20 drought,4,0,10,0,0,0,0,0,0,0,0,4,1,0,0,0,0,0,24,0,0,0,0,0,0,0,0,0,57,0,0,19-Jul-18
1256 C1 W-HW 21 drought,0,0,12,0,0,0,0,0,0,0,0,26,16,22,0,0,0,0,4,0,0,0,0,0,0,0,0,0,33,0,0,19-Jul-18
1257 C1 W-HW 22 drought,2,0,21,0,0,0,0,0,0,0,0,4,3,9,0,0,0,0,33,0,0,0,0,0,0,0,0,0,42,0,0,19-Jul-18
1258 C1 W-HW 23 drought,5,0,4,0,0,0,0,0,0,0,0,14,6,27,0,0,0,0,2,0,0,0,0,0,0,0,0,0,44,0,0,19-Jul-18
1259 C1 W-HW 24 drought,1,0,8,0,0,0,0,0,0,0,0,11,1,14,0,0,0,0,15,0,0,0,0,0,0,0,0,0,95,0,0,19-Jul-18
1260 C1 W-HW 25 drought,1,0,1,0,0,0,0,0,0,0,0,10,0,20,0,0,0,0,3,0,0,0,0,0,0,0,0,0,20,0,0,19-Jul-18
1261 C1 W-HW 26 drought,8,0,16,0,0,0,0,0,0,0,0,30,10,33,0,0,0,0,3,0,0,0,0,0,0,0,0,0,41,0,0,19-Jul-18
1262 C1 W-HW 27 drought,13,0,10,0,0,0,0,0,0,0,0,12,5,15,0,0,0,0,0,0,0,0,0,0,0,0,0,0,70,0,0,19-Jul-18
1330 C1 W-HW 4 water,6,0,17,0,0,0,0,0,0,0,0,2,1,1,0,0,0,0,8,0,0,0,0,0,0,0,0,0,567,0,0,27-Jul-18
1331 C1 W-HW 5 water,0,0,0,0,0,0,0,0,0,0,0,7,12,6,0,0,0,0,8,0,0,0,0,0,0,0,0,0,120,0,0,27-Jul-18
1332 C1 W-HW 6 water,1,0,16,0,0,0,0,0,0,0,0,6,2,8,0,0,0,0,10,0,0,0,0,0,0,0,0,0,211,0,0,27-Jul-18
1333 C1 W-HW 7 water,3,0,10,0,0,0,0,0,0,0,0,1,1,1,0,0,0,0,1,0,0,0,0,0,0,0,0,0,61,0,0,27-Jul-18
1334 C1 W-HW 8 water,9,0,11,0,0,0,0,0,0,0,0,33,9,21,0,0,0,0,6,0,0,0,0,0,0,0,0,0,19,0,0,27-Jul-18
1335 C1 W-HW 9 water,0,0,0,0,0,0,0,0,0,0,0,0,0,0,0,0,0,0,3,0,0,0,0,0,0,0,0,0,38,0,0,27-Jul-18
1336 C1 W-HW 13 drought,0,0,0,0,0,0,0,0,0,0,0,0,0,0,0,0,0,0,0,0,0,0,0,0,0,0,0,0,134,0,0,27-Jul-18
1337 C1 W-HW 14 drought,0,0,0,0,0,0,0,0,0,0,0,2,0,2,0,0,0,0,0,0,0,0,0,0,0,0,0,0,33,0,0,27-Jul-18
1338 C1 W-HW 15 drought,0,0,0,0,0,0,0,0,0,0,0,0,0,0,0,0,0,0,6,0,0,0,0,0,0,0,0,0,158,0,0,27-Jul-18
1339 C1 W-HW 16 drought,5,0,6,0,0,0,0,0,0,0,0,6,2,2,0,0,0,0,44,0,0,0,0,0,0,0,0,0,63,0,0,27-Jul-18
1340 C1 W-HW 17 drought,2,0,12,0,0,0,0,0,0,0,0,15,1,6,0,0,0,0,4,0,0,0,0,0,0,0,0,0,69,0,0,27-Jul-18
1341 C1 W-HW 18 drought,3,0,5,0,0,0,0,0,0,0,0,29,3,23,0,0,0,0,0,0,0,0,0,0,0,0,0,0,39,0,0,27-Jul-18
1342 C1 W-HW 19 drought,0,0,0,0,0,0,0,0,0,0,0,0,0,0,0,0,0,0,0,0,0,0,0,0,0,0,0,0,62,0,0,27-Jul-18
1343 C1 W-HW 20 drought,2,0,6,0,0,0,0,0,0,0,0,5,3,2,0,0,0,0,12,0,0,0,0,0,0,0,0,0,62,0,0,27-Jul-18
1344 C1 W-HW 21 drought,1,0,5,0,0,0,0,0,0,0,0,16,1,11,0,0,0,0,9,0,0,0,0,0,0,0,0,0,281,0,0,27-Jul-18
1345 C1 W-HW 22 drought,2,0,11,0,0,0,0,0,0,0,0,8,1,6,0,0,0,0,11,0,0,0,0,0,0,0,0,0,452,0,0,27-Jul-18
1346 C1 W-HW 23 drought,8,0,6,0,0,0,0,0,0,0,0,21,8,17,0,0,0,0,2,0,0,0,0,0,0,0,0,0,20,0,0,27-Jul-18
1347 C1 W-HW 24 drought,0,0,0,0,0,0,0,0,0,0,0,4,4,5,0,0,0,0,4,0,0,0,0,0,0,0,0,0,265,0,0,27-Jul-18
1348 C1 W-HW 25 drought,0,0,2,0,0,0,0,0,0,0,0,2,0,0,0,0,0,0,1,0,0,0,0,0,0,0,0,0,26,0,0,27-Jul-18
1349 C1 W-HW 26 drought,3,0,2,0,0,0,0,0,0,0,0,25,7,23,0,0,0,0,3,0,0,0,0,0,0,0,0,0,61,0,0,27-Jul-18
1350 C1 W-HW 27 drought,15,0,23,0,0,0,0,0,0,0,0,15,0,6,0,0,0,0,0,0,0,0,0,0,0,0,0,0,54,0,0,27-Jul-18
0494 C1 W-HW 4 water,2,0,5,0,0,0,0,0,0,0,0,12,3,3,0,0,0,0,1,0,0,0,0,0,0,0,0,0,43,0,0,5-Jun-18
0495 C1 W-HW 5 water,0,0,0,0,0,0,0,0,0,0,0,7,2,8,0,0,0,0,3,0,0,0,0,0,0,0,0,0,83,0,0,5-Jun-18
0496 C1 W-HW 6 water,0,0,3,0,0,0,0,0,0,0,0,15,5,11,0,0,0,0,3,0,0,0,0,0,0,0,0,0,36,0,0,5-Jun-18
0497 C1 W-HW 7 water,6,0,7,0,0,0,0,0,0,0,0,7,2,6,0,0,0,0,3,0,0,0,0,0,0,0,0,0,24,0,0,5-Jun-18
0498 C1 W-HW 8 water,5,0,11,0,0,0,0,0,0,0,0,34,9,18,0,0,0,0,3,0,0,0,0,0,0,0,0,0,75,0,0,5-Jun-18
0499 C1 W-HW 9 water,0,0,0,0,0,0,0,0,0,0,0,0,0,0,0,0,0,0,0,0,0,0,0,0,0,0,0,0,67,0,0,5-Jun-18
0500 C1 W-HW 13 drought,3,0,3,0,0,0,0,0,0,0,0,9,2,6,0,0,0,0,0,0,0,0,0,0,0,0,0,0,609,0,0,5-Jun-18
0501 C1 W-HW 14 drought,0,0,2,0,0,0,0,0,0,0,0,17,2,24,0,0,0,0,3,0,0,0,0,0,0,0,0,0,14,0,0,5-Jun-18
0502 C1 W-HW 15 drought,0,0,1,0,0,0,0,0,0,0,0,8,2,2,0,0,0,0,3,0,0,0,0,0,0,0,0,0,67,0,0,5-Jun-18
0503 C1 W-HW 16 drought,3,0,4,0,0,0,0,0,0,0,0,8,0,9,0,0,0,0,1,0,0,0,0,0,0,0,0,0,21,0,0,5-Jun-18
0504 C1 W-HW 17 drought,3,0,10,0,0,0,0,0,0,0,0,14,0,10,0,0,0,0,4,0,0,0,0,0,0,0,0,0,99,0,0,5-Jun-18
0505 C1 W-HW 18 drought,4,0,9,0,0,0,0,0,0,0,0,31,11,17,0,0,0,0,5,0,0,0,0,0,0,0,0,0,9,0,0,5-Jun-18
0506 C1 W-HW 19 drought,1,0,1,0,0,0,0,0,0,0,0,4,0,5,0,0,0,0,25,0,0,0,0,0,0,0,0,0,4915,0,0,5-Jun-18
0507 C1 W-HW 20 drought,2,0,8,0,0,0,0,0,0,0,0,6,1,5,0,0,0,0,3,0,0,0,0,0,0,0,0,0,308,0,0,5-Jun-18
0508 C1 W-HW 21 drought,8,0,9,0,0,0,0,0,0,0,0,10,2,8,0,0,0,0,0,0,0,0,0,0,0,0,0,0,249,0,0,5-Jun-18
0509 C1 W-HW 22 drought,1,0,7,0,0,0,0,0,0,0,0,7,6,8,0,0,0,0,3,0,0,0,0,0,0,0,0,0,51,0,0,5-Jun-18
0510 C1 W-HW 23 drought,0,0,14,0,0,0,0,0,0,0,0,31,8,22,0,0,0,0,2,0,0,0,0,0,0,0,0,0,16,0,0,5-Jun-18
0511 C1 W-HW 24 drought,3,0,7,0,0,0,0,0,0,0,0,5,2,6,0,0,0,0,0,0,0,0,0,0,0,0,0,0,2513,0,0,5-Jun-18
0512 C1 W-HW 25 drought,2,0,4,0,0,0,0,0,0,0,0,12,2,12,0,0,0,0,2,0,0,0,0,0,0,0,0,0,168,0,0,5-Jun-18
0513 C1 W-HW 26 drought,2,0,6,0,0,0,0,0,0,0,0,16,4,15,0,0,0,0,3,0,0,0,0,0,0,0,0,0,372,0,0,5-Jun-18
0514 C1 W-HW 27 drought,12,0,15,0,0,0,0,0,0,0,0,3,2,4,0,0,0,0,2,0,0,0,0,0,0,0,0,0,458,0,0,5-Jun-18
0583 C1 W-HW 4 water,6,0,8,0,0,0,0,0,0,0,0,5,2,1,0,0,0,0,2,0,0,0,0,0,0,0,0,0,283,0,0,11-Jun-18
0584 C1 W-HW 5 water,0,0,0,0,0,0,0,0,0,0,0,1,0,3,0,0,0,0,1,0,0,0,0,0,0,0,0,0,143,0,0,11-Jun-18
0585 C1 W-HW 6 water,6,0,4,0,0,0,0,0,0,0,0,18,3,10,0,0,0,0,0,0,0,0,0,0,0,0,0,0,322,0,0,11-Jun-18
0586 C1 W-HW 7 water,2,0,8,0,0,0,0,0,0,0,0,4,2,6,0,0,0,0,1,0,0,0,0,0,0,0,0,0,13,0,0,11-Jun-18
0587 C1 W-HW 8 water,3,0,20,0,0,0,0,0,0,0,0,21,7,20,0,0,0,0,1,0,0,0,0,0,0,0,0,0,76,0,0,11-Jun-18
0588 C1 W-HW 9 water,0,0,0,0,0,0,0,0,0,0,0,0,0,0,0,0,0,0,0,0,0,0,0,0,0,0,0,0,557,0,0,11-Jun-18
0589 C1 W-HW 13 drought,1,0,10,0,0,0,0,0,0,0,0,8,5,6,0,0,0,0,2,0,0,0,0,0,0,0,0,0,1014,0,0,11-Jun-18
0590 C1 W-HW 14 drought,0,0,6,0,0,0,0,0,0,0,0,35,2,21,0,0,0,0,2,0,0,0,0,0,0,0,0,0,27,0,0,11-Jun-18
0591 C1 W-HW 15 drought,0,0,0,0,0,0,0,0,0,0,0,9,4,6,0,0,0,0,4,0,0,0,0,0,0,0,0,0,138,0,0,11-Jun-18
0592 C1 W-HW 16 drought,0,0,6,0,0,0,0,0,0,0,0,10,2,11,0,0,0,0,2,0,0,0,0,0,0,0,0,0,54,0,0,11-Jun-18
0593 C1 W-HW 17 drought,0,0,6,0,0,0,0,0,0,0,0,19,0,6,0,0,0,0,5,0,0,0,0,0,0,0,0,0,49,0,0,11-Jun-18
0594 C1 W-HW 18 drought,5,0,16,0,0,0,0,0,0,0,0,33,8,23,0,0,0,0,2,0,0,0,0,0,0,0,0,0,21,0,0,11-Jun-18
0595 C1 W-HW 19 drought,0,0,0,0,0,0,0,0,0,0,0,6,1,2,0,0,0,0,4,0,0,0,0,0,0,0,0,0,2285,0,0,11-Jun-18
0596 C1 W-HW 20 drought,4,0,2,0,0,0,0,0,0,0,0,6,1,3,0,0,0,0,0,0,0,0,0,0,0,0,0,0,1578,0,0,11-Jun-18
0597 C1 W-HW 21 drought,4,0,9,0,0,0,0,0,0,0,0,10,4,5,0,0,0,0,5,0,0,0,0,0,0,0,0,0,19,0,0,11-Jun-18
0598 C1 W-HW 22 drought,1,0,9,0,0,0,0,0,0,0,0,8,1,9,0,0,0,0,3,0,0,0,0,0,0,0,0,0,155,0,0,11-Jun-18
0599 C1 W-HW 23 drought,7,0,5,0,0,0,0,0,0,0,0,32,7,10,0,0,0,0,2,0,0,0,0,0,0,0,0,0,18,0,0,11-Jun-18
0600 C1 W-HW 24 drought,1,0,4,0,0,0,0,0,0,0,0,6,1,6,0,0,0,0,2,0,0,0,0,0,0,0,0,0,904,0,0,11-Jun-18
0601 C1 W-HW 25 drought,5,0,22,0,0,0,0,0,0,0,0,27,1,21,0,0,0,0,4,0,0,0,0,0,0,0,0,0,16,0,0,11-Jun-18
0602 C1 W-HW 26 drought,2,0,3,0,0,0,0,0,0,0,0,11,3,13,0,0,0,0,9,0,0,0,0,0,0,0,0,0,69,0,0,11-Jun-18
0603 C1 W-HW 27 drought,2,0,13,0,0,0,0,0,0,0,0,7,3,1,0,0,0,0,1,0,0,0,0,0,0,0,0,0,59,0,0,11-Jun-18
0696 C1 W-HW 4 water,4,0,2,0,0,0,0,0,0,0,0,3,1,1,0,0,0,0,0,0,0,0,0,0,0,0,0,0,58,0,0,19-Jun-18
0697 C1 W-HW 5 water,0,0,2,0,0,0,0,0,0,0,0,3,7,1,0,0,0,0,1,0,0,0,0,0,0,0,0,0,176,0,0,19-Jun-18
0698 C1 W-HW 6 water,2,0,9,0,0,0,0,0,0,0,0,5,3,3,0,0,0,0,0,0,0,0,0,0,0,0,0,0,59,0,0,19-Jun-18
0699 C1 W-HW 7 water,13,0,4,0,0,0,0,0,0,0,0,2,2,0,0,0,0,0,1,0,0,0,0,0,0,0,0,0,61,0,0,19-Jun-18
0700 C1 W-HW 8 water,9,0,21,0,0,0,0,0,0,0,0,32,6,11,0,0,0,0,3,0,0,0,0,0,0,0,0,0,44,0,0,19-Jun-18
0701 C1 W-HW 9 water,0,0,0,0,0,0,0,0,0,0,0,0,0,0,0,0,0,0,0,0,0,0,0,0,0,0,0,0,11,0,0,19-Jun-18
0702 C1 W-HW 13 drought,5,0,4,0,0,0,0,0,0,0,0,5,0,0,0,0,0,0,1,0,0,0,0,0,0,0,0,0,52,0,0,19-Jun-18
0703 C1 W-HW 14 drought,6,0,10,0,0,0,0,0,0,0,0,17,1,5,0,0,0,0,2,0,0,0,0,0,0,0,0,0,89,0,0,19-Jun-18
0704 C1 W-HW 15 drought,0,0,1,0,0,0,0,0,0,0,0,5,2,1,0,0,0,0,1,0,0,0,0,0,0,0,0,0,153,0,0,19-Jun-18
0705 C1 W-HW 16 drought,1,0,3,0,0,0,0,0,0,0,0,5,0,3,0,0,0,0,0,0,0,0,0,0,0,0,0,0,36,0,0,19-Jun-18
0706 C1 W-HW 17 drought,4,0,6,0,0,0,0,0,0,0,0,5,0,4,0,0,0,0,1,0,0,0,0,0,0,0,0,0,58,0,0,19-Jun-18
0707 C1 W-HW 18 drought,11,0,10,0,0,0,0,0,0,0,0,27,4,17,0,0,0,0,3,0,0,0,0,0,0,0,0,0,56,0,0,19-Jun-18
0708 C1 W-HW 19 drought,0,0,1,0,0,0,0,0,0,0,0,1,0,3,0,0,0,0,3,0,0,0,0,0,0,0,0,0,91,0,0,19-Jun-18
0709 C1 W-HW 20 drought,3,0,8,0,0,0,0,0,0,0,0,6,1,0,0,0,0,0,1,0,0,0,0,0,0,0,0,0,247,0,0,19-Jun-18
0710 C1 W-HW 21 drought,12,0,9,0,0,0,0,0,0,0,0,3,1,3,0,0,0,0,0,0,0,0,0,0,0,0,0,0,8,0,0,19-Jun-18
0711 C1 W-HW 22 drought,10,0,13,0,0,0,0,0,0,0,0,2,0,1,0,0,0,0,2,0,0,0,0,0,0,0,0,0,19,0,0,19-Jun-18
0712 C1 W-HW 23 drought,6,0,11,0,0,0,0,0,0,0,0,24,6,16,0,0,0,0,2,0,0,0,0,0,0,0,0,0,68,0,0,19-Jun-18
0713 C1 W-HW 24 drought,3,0,4,0,0,0,0,0,0,0,0,4,0,4,0,0,0,0,0,0,0,0,0,0,0,0,0,0,18,0,0,19-Jun-18
0714 C1 W-HW 25 drought,11,0,27,0,0,0,0,0,0,0,0,18,0,5,0,0,0,0,2,0,0,0,0,0,0,0,0,0,25,0,0,19-Jun-18
0715 C1 W-HW 26 drought,1,0,3,0,0,0,0,0,0,0,0,13,0,2,0,0,0,0,6,0,0,0,0,0,0,0,0,0,78,0,0,19-Jun-18
0716 C1 W-HW 27 drought,14,0,11,0,0,0,0,0,0,0,0,5,0,3,0,0,0,0,3,0,0,0,0,0,0,0,0,0,44,0,0,19-Jun-18
0782 C1 W-HW 4 water,4,0,20,0,0,0,0,0,0,0,0,6,1,4,0,0,0,0,1,0,0,0,0,0,0,0,0,0,54,0,0,26-Jun-18
0783 C1 W-HW 5 water,3,0,1,0,0,0,0,0,0,0,0,6,5,7,0,0,0,0,3,0,0,0,0,0,0,0,0,0,58,0,0,26-Jun-18
0784 C1 W-HW 6 water,8,0,9,0,0,0,0,0,0,0,0,5,4,5,0,0,0,0,1,0,0,0,0,0,0,0,0,0,49,0,0,26-Jun-18
0785 C1 W-HW 7 water,9,0,3,0,0,0,0,0,0,0,0,9,0,0,0,0,0,0,2,0,0,0,0,0,0,0,0,0,74,0,0,26-Jun-18
0786 C1 W-HW 8 water,4,0,21,0,0,0,0,0,0,0,0,33,6,8,0,0,0,0,3,0,0,0,0,0,0,0,0,0,62,0,0,26-Jun-18
0787 C1 W-HW 9 water,0,0,0,0,0,0,0,0,0,0,0,0,0,0,0,0,0,0,0,0,0,0,0,0,0,0,0,0,47,0,0,26-Jun-18
0788 C1 W-HW 13 drought,4,0,8,0,0,0,0,0,0,0,0,7,0,2,0,0,0,0,1,0,0,0,0,0,0,0,0,0,32,0,0,26-Jun-18
0789 C1 W-HW 14 drought,3,0,8,0,0,0,0,0,0,0,0,19,3,5,0,0,0,0,1,0,0,0,0,0,0,0,0,0,86,0,0,26-Jun-18
0790 C1 W-HW 15 drought,4,0,4,0,0,0,0,0,0,0,0,6,3,1,0,0,0,0,1,0,0,0,0,0,0,0,0,0,107,0,0,26-Jun-18
0791 C1 W-HW 16 drought,4,0,13,0,0,0,0,0,0,0,0,7,0,1,0,0,0,0,1,0,0,0,0,0,0,0,0,0,74,0,0,26-Jun-18
0792 C1 W-HW 17 drought,4,0,10,0,0,0,0,0,0,0,0,12,0,5,0,0,0,0,1,0,0,0,0,0,0,0,0,0,52,0,0,26-Jun-18
0793 C1 W-HW 18 drought,11,0,11,0,0,0,0,0,0,0,0,31,6,22,0,0,0,0,8,0,0,0,0,0,0,0,0,0,30,0,0,26-Jun-18
0794 C1 W-HW 19 drought,0,0,1,0,0,0,0,0,0,0,0,3,0,2,0,0,0,0,2,0,0,0,0,0,0,0,0,0,104,0,0,26-Jun-18
0795 C1 W-HW 20 drought,4,0,6,0,0,0,0,0,0,0,0,0,0,1,0,0,0,0,0,0,0,0,0,0,0,0,0,0,45,0,0,26-Jun-18
0796 C1 W-HW 21 drought,6,0,18,0,0,0,0,0,0,0,0,9,0,3,0,0,0,0,1,0,0,0,0,0,0,0,0,0,18,0,0,26-Jun-18
0797 C1 W-HW 22 drought,19,0,13,0,0,0,0,0,0,0,0,10,1,8,0,0,0,0,2,0,0,0,0,0,0,0,0,0,57,0,0,26-Jun-18
0798 C1 W-HW 23 drought,2,0,8,0,0,0,0,0,0,0,0,26,4,4,0,0,0,0,1,0,0,0,0,0,0,0,0,0,50,0,0,26-Jun-18
0799 C1 W-HW 24 drought,2,0,5,0,0,0,0,0,0,0,0,3,0,0,0,0,0,0,1,0,0,0,0,0,0,0,0,0,24,0,0,26-Jun-18
0800 C1 W-HW 25 drought,6,0,22,0,0,0,0,0,0,0,0,17,1,7,0,0,0,0,4,0,0,0,0,0,0,0,0,0,32,0,0,26-Jun-18
0801 C1 W-HW 26 drought,1,0,5,0,0,0,0,0,0,0,0,14,0,4,0,0,0,0,5,0,0,0,0,0,0,0,0,0,56,0,0,26-Jun-18
0802 C1 W-HW 27 drought,18,0,36,0,0,0,0,0,0,0,0,6,0,4,0,0,0,0,3,0,0,0,0,0,0,0,0,0,60,0,0,26-Jun-18
0671 C1 W-HW 4 water,0,0,4,0,0,0,0,0,0,0,0,16,3,8,0,0,0,0,0,0,0,0,0,0,0,0,0,0,26,0,0,27-Jun-18
0672 C1 W-HW 5 water,0,0,0,0,0,0,0,0,0,0,0,4,0,12,0,0,0,0,3,0,0,0,0,0,0,0,0,0,60,0,0,27-Jun-18
0673 C1 W-HW 6 water,1,0,3,0,0,0,0,0,0,0,0,13,2,9,0,0,0,0,2,0,0,0,0,0,0,0,0,0,19,0,0,27-Jun-18
0674 C1 W-HW 7 water,0,0,1,0,0,0,0,0,0,0,0,14,1,6,0,0,0,0,1,0,0,0,0,0,0,0,0,0,20,0,0,27-Jun-18
0675 C1 W-HW 8 water,1,0,7,0,0,0,0,0,0,0,0,38,6,16,0,0,0,0,4,0,0,0,0,0,0,0,0,0,25,0,0,27-Jun-18
0676 C1 W-HW 9 water,0,0,0,0,0,0,0,0,0,0,0,0,0,0,0,0,0,0,0,0,0,0,0,0,0,0,0,0,54,0,0,27-Jun-18
0677 C1 W-HW 13 drought,0,0,2,0,0,0,0,0,0,0,0,5,1,4,0,0,0,0,5,0,0,0,0,0,0,0,0,0,29,0,0,27-Jun-18
0678 C1 W-HW 14 drought,0,0,0,0,0,0,0,0,0,0,0,18,3,11,0,0,0,0,0,0,0,0,0,0,0,0,0,0,5,0,0,27-Jun-18
0679 C1 W-HW 15 drought,0,0,0,0,0,0,0,0,0,0,0,5,1,4,0,0,0,0,0,0,0,0,0,0,0,0,0,0,10,0,0,27-Jun-18
0680 C1 W-HW 16 drought,0,0,0,0,0,0,0,0,0,0,0,12,0,12,0,0,0,0,0,0,0,0,0,0,0,0,0,0,24,0,0,27-Jun-18
0681 C1 W-HW 17 drought,3,0,12,0,0,0,0,0,0,0,0,29,0,8,0,0,0,0,2,0,0,0,0,0,0,0,0,0,39,0,0,27-Jun-18
0682 C1 W-HW 18 drought,0,0,2,0,0,0,0,0,0,0,0,57,11,20,0,0,0,0,0,0,0,0,0,0,0,0,0,0,7,0,0,27-Jun-18
0683 C1 W-HW 19 drought,0,0,0,0,0,0,0,0,0,0,0,5,1,3,0,0,0,0,3,0,0,0,0,0,0,0,0,0,288,0,0,27-Jun-18
0684 C1 W-HW 20 drought,0,0,5,0,0,0,0,0,0,0,0,2,0,0,0,0,0,0,0,0,0,0,0,0,0,0,0,0,41,0,0,27-Jun-18
0685 C1 W-HW 21 drought,3,0,4,0,0,0,0,0,0,0,0,6,2,5,0,0,0,0,1,0,0,0,0,0,0,0,0,0,37,0,0,27-Jun-18
0686 C1 W-HW 23 drought,0,0,10,0,0,0,0,0,0,0,0,35,6,17,0,0,0,0,1,0,0,0,0,0,0,0,0,0,20,0,0,27-Jun-18
0687 C1 W-HW 22 drought,0,0,3,0,0,0,0,0,0,0,0,9,2,1,0,0,0,0,3,0,0,0,0,0,0,0,0,0,71,0,0,27-Jun-18
0688 C1 W-HW 24 drought,0,0,2,0,0,0,0,0,0,0,0,14,3,6,0,0,0,0,1,0,0,0,0,0,0,0,0,0,30,0,0,27-Jun-18
0689 C1 W-HW 25 drought,0,0,1,0,0,0,0,0,0,0,0,34,1,20,0,0,0,0,6,0,0,0,0,0,0,0,0,0,46,0,0,27-Jun-18
0690 C1 W-HW 26 drought,0,0,0,0,0,0,0,0,0,0,0,18,5,18,0,0,0,0,13,0,0,0,0,0,0,0,0,0,33,0,0,27-Jun-18
0691 C1 W-HW 27 drought,0,0,0,0,0,0,0,0,0,0,0,18,5,7,0,0,0,0,1,0,0,0,0,0,0,0,0,0,33,0,0,27-Jun-18
2933 C1 W-HW 4 water,15,0,14,0,0,0,0,0,0,0,0,11,0,7,0,0,0,0,3,0,0,0,0,0,0,0,0,0,14,0,0,6-Mar-19
2934 C1 W-HW 5 water,0,0,0,0,0,0,0,0,0,0,0,0,0,0,0,0,0,0,0,0,0,0,0,0,0,0,0,0,12,0,0,6-Mar-19
2935 C1 W-HW 6 water,2,0,8,0,0,0,0,0,0,0,0,7,5,15,0,0,0,0,7,0,0,0,0,0,0,0,0,0,34,0,0,6-Mar-19
2936 C1 W-HW 7 water,0,0,0,0,0,0,0,0,0,0,0,0,0,0,0,0,0,0,1,0,0,0,0,0,0,0,0,0,27,0,0,6-Mar-19
2937 C1 W-HW 8 water,8,0,27,0,0,0,0,0,0,0,0,11,0,17,0,0,0,0,2,0,0,0,0,0,0,0,0,0,204,0,0,6-Mar-19
2938 C1 W-HW 9 water,0,0,1,0,0,0,0,0,0,0,0,0,0,0,0,0,0,0,33,0,0,0,0,0,0,0,0,0,30,0,0,6-Mar-19
2957 C1 W-HW 4 water,13,0,10,0,0,0,0,0,0,0,0,4,3,6,0,0,0,0,2,0,0,0,0,0,0,0,0,0,64,0,0,18-Mar-19
2958 C1 W-HW 5 water,0,0,0,0,0,0,0,0,0,0,0,0,0,0,0,0,0,0,0,0,0,0,0,0,0,0,0,0,12,0,0,18-Mar-19
2959 C1 W-HW 6 water,0,0,2,0,0,0,0,0,0,0,0,9,1,6,0,0,0,0,33,0,0,0,0,0,0,0,0,0,51,0,0,18-Mar-19
2960 C1 W-HW 7 water,0,0,0,0,0,0,0,0,0,0,0,0,0,0,0,0,0,0,0,0,0,0,0,0,0,0,0,0,30,0,0,18-Mar-19
2961 C1 W-HW 8 water,11,0,29,0,0,0,0,0,0,0,0,13,0,6,0,0,0,0,6,0,0,0,0,0,0,0,0,0,161,0,0,18-Mar-19
2962 C1 W-HW 9 water,0,0,0,0,0,0,0,0,0,0,0,0,0,0,0,0,0,0,0,0,0,0,0,0,0,0,0,0,51,0,0,18-Mar-19
0022 C1 W-HW 4 water,3,0,4,0,0,0,0,0,0,0,0,11,0,1,0,0,0,0,2,0,0,0,0,0,0,0,0,0,135,0,0,1-May-18
0023 C1 W-HW 5 water,0,0,1,0,0,0,0,0,0,0,0,3,1,7,0,0,0,0,24,0,0,0,0,0,0,0,0,0,717,0,0,1-May-18
0024 C1 W-HW 6 water,2,0,0,0,0,0,0,0,0,0,0,3,6,1,0,0,0,0,8,0,0,0,0,0,0,0,0,0,530,0,0,1-May-18
0025 C1 W-HW 7 water,7,0,12,0,0,0,0,0,0,0,0,9,0,2,0,0,0,0,0,0,0,0,0,0,0,0,0,0,19,0,0,1-May-18
0026 C1 W-HW 8 water,0,0,0,0,0,0,0,0,0,0,0,0,0,2,0,0,0,0,6,0,0,0,0,0,0,0,0,0,1,0,0,1-May-18
0027 C1 W-HW 9 water,2,0,5,0,0,0,0,0,0,0,0,2,0,2,0,0,0,0,0,0,0,0,0,0,0,0,0,0,108,0,0,1-May-18
0032 C1 W-HW 13 drought,0,0,0,0,0,0,0,0,0,0,0,0,0,0,0,0,0,0,1,0,0,0,0,0,0,0,0,0,2,0,0,1-May-18
0033 C1 W-HW 14 drought,6,0,1,0,0,0,0,0,0,0,0,6,3,5,0,0,0,0,15,0,0,0,0,0,0,0,0,0,482,0,0,1-May-18
0034 C1 W-HW 15 drought,1,0,1,0,0,0,0,0,0,0,0,9,2,1,0,0,0,0,15,0,0,0,0,0,0,0,0,0,1369,0,0,1-May-18
0035 C1 W-HW 16 drought,0,0,2,0,0,0,0,0,0,0,0,17,4,11,0,0,0,0,7,0,0,0,0,0,0,0,0,0,10,0,0,1-May-18
0036 C1 W-HW 17 drought,0,0,7,0,0,0,0,0,0,0,0,11,0,4,0,0,0,0,2,0,0,0,0,0,0,0,0,0,13,0,0,1-May-18
0037 C1 W-HW 18 drought,0,0,4,0,0,0,0,0,0,0,0,17,0,17,0,0,0,0,12,0,0,0,0,0,0,0,0,0,3,0,0,1-May-18
0038 C1 W-HW 19 drought,0,0,1,0,0,0,0,0,0,0,0,8,1,4,0,0,0,0,17,0,0,0,0,0,0,0,0,0,221,0,0,1-May-18
0039 C1 W-HW 20 drought,1,0,5,0,0,0,0,0,0,0,0,4,1,3,0,0,0,0,0,0,0,0,0,0,0,0,0,0,15,0,0,1-May-18
0040 C1 W-HW 21 drought,0,0,2,0,0,0,0,0,0,0,0,15,1,15,0,0,0,0,1,0,0,0,0,0,0,0,0,0,13,0,0,1-May-18
0041 C1 W-HW 22 drought,0,0,1,0,0,0,0,0,0,0,0,5,1,3,0,0,0,0,1,0,0,0,0,0,0,0,0,0,34,0,0,1-May-18
0042 C1 W-HW 23 drought,0,0,2,0,0,0,0,0,0,0,0,14,1,6,0,0,0,0,6,0,0,0,0,0,0,0,0,0,12,0,0,1-May-18
0043 C1 W-HW 24 drought,1,0,4,0,0,0,0,0,0,0,0,8,0,3,0,0,0,0,4,0,0,0,0,0,0,0,0,0,48,0,0,1-May-18
0044 C1 W-HW 25 drought,0,0,0,0,0,0,0,0,0,0,0,15,0,22,0,0,0,0,1,0,0,0,0,0,0,0,0,0,2,0,0,1-May-18
0045 C1 W-HW 26 drought,0,0,0,0,0,0,0,0,0,0,0,7,1,7,0,0,0,0,3,0,0,0,0,0,0,0,0,0,10,0,0,1-May-18
0046 C1 W-HW 27 drought,1,0,4,0,0,0,0,0,0,0,0,18,1,6,0,0,0,0,6,0,0,0,0,0,0,0,0,0,8,0,0,1-May-18
0132 C1 W-HW 4 water,1,0,2,0,0,0,0,0,0,0,0,7,0,4,0,0,0,0,1,0,0,0,0,0,0,0,0,0,9,0,0,8-May-18
0133 C1 W-HW 5 water,0,0,0,0,0,0,0,0,0,0,0,3,0,1,0,0,0,0,3,0,0,0,0,0,0,0,0,0,21,0,0,8-May-18
0134 C1 W-HW 6 water,1,0,0,0,0,0,0,0,0,0,0,7,5,9,0,0,0,0,1,0,0,0,0,0,0,0,0,0,42,0,0,8-May-18
0135 C1 W-HW 7 water,0,0,0,0,0,0,0,0,0,0,0,3,0,4,0,0,0,0,1,0,0,0,0,0,0,0,0,0,5,0,0,8-May-18
0136 C1 W-HW 8 water,4,0,10,0,0,0,0,0,0,0,0,30,3,4,0,0,0,0,2,0,0,0,0,0,0,0,0,0,12,0,0,8-May-18
0137 C1 W-HW 9 water,4,0,5,0,0,0,0,0,0,0,0,9,1,1,0,0,0,0,1,0,0,0,0,0,0,0,0,0,15,0,0,8-May-18
0138 C1 W-HW 13 drought,9,0,6,0,0,0,0,0,0,0,0,9,3,6,0,0,0,0,3,0,0,0,0,0,0,0,0,0,32,0,0,8-May-18
0139 C1 W-HW 14 drought,2,0,0,0,0,0,0,0,0,0,0,12,0,9,0,0,0,0,1,0,0,0,0,0,0,0,0,0,26,0,0,8-May-18
0140 C1 W-HW 15 drought,0,0,2,0,0,0,0,0,0,0,0,4,1,3,0,0,0,0,2,0,0,0,0,0,0,0,0,0,223,0,0,8-May-18
0141 C1 W-HW 16 drought,0,0,0,0,0,0,0,0,0,0,0,12,0,9,0,0,0,0,0,0,0,0,0,0,0,0,0,0,7,0,0,8-May-18
0142 C1 W-HW 17 drought,1,0,5,0,0,0,0,0,0,0,0,14,0,4,0,0,0,0,1,0,0,0,0,0,0,0,0,0,10,0,0,8-May-18
0143 C1 W-HW 18 drought,0,0,1,0,0,0,0,0,0,0,0,22,0,21,0,0,0,0,4,0,0,0,0,0,0,0,0,0,3,0,0,8-May-18
0144 C1 W-HW 19 drought,0,0,0,0,0,0,0,0,0,0,0,4,0,1,0,0,0,0,4,0,0,0,0,0,0,0,0,0,316,0,0,8-May-18
0145 C1 W-HW 20 drought,1,0,7,0,0,0,0,0,0,0,0,9,3,4,0,0,0,0,1,0,0,0,0,0,0,0,0,0,10,0,0,8-May-18
0146 C1 W-HW 21 drought,5,0,1,0,0,0,0,0,0,0,0,13,2,5,0,0,0,0,2,0,0,0,0,0,0,0,0,0,34,0,0,8-May-18
0147 C1 W-HW 22 drought,0,0,1,0,0,0,0,0,0,0,0,7,1,6,0,0,0,0,5,0,0,0,0,0,0,0,0,0,20,0,0,8-May-18
0148 C1 W-HW 23 drought,0,0,4,0,0,0,0,0,0,0,0,12,1,15,0,0,0,0,5,0,0,0,0,0,0,0,0,0,3,0,0,8-May-18
0149 C1 W-HW 24 drought,0,0,3,0,0,0,0,0,0,0,0,5,2,2,0,0,0,0,2,0,0,0,0,0,0,0,0,0,27,0,0,8-May-18
0150 C1 W-HW 25 drought,0,0,2,0,0,0,0,0,0,0,0,32,0,15,0,0,0,0,5,0,0,0,0,0,0,0,0,0,5,0,0,8-May-18
0151 C1 W-HW 26 drought,0,0,0,0,0,0,0,0,0,0,0,9,1,15,0,0,0,0,13,0,0,0,0,0,0,0,0,0,25,0,0,8-May-18
0152 C1 W-HW 27 drought,0,0,0,0,0,0,0,0,0,0,0,6,1,11,0,0,0,0,2,0,0,0,0,0,0,0,0,0,6,0,0,8-May-18
0220 C1 W-HW 4 water,4,0,1,0,0,0,0,0,0,0,0,6,0,5,0,0,0,0,43,0,0,0,0,0,0,0,0,0,1734,0,0,14-May-18
0221 C1 W-HW 6 water,0,0,1,0,0,0,0,0,0,0,0,11,4,5,0,0,0,0,1,0,0,0,0,0,0,0,0,0,219,0,0,14-May-18
0222 C1 W-HW 7 water,1,0,0,0,0,0,0,0,0,0,0,5,2,3,0,0,0,0,2,0,0,0,0,0,0,0,0,0,7,0,0,14-May-18
0223 C1 W-HW 8 water,0,0,5,0,0,0,0,0,0,0,0,15,3,11,0,0,0,0,5,0,0,0,0,0,0,0,0,0,33,0,0,14-May-18
0224 C1 W-HW 9 water,5,0,8,0,0,0,0,0,0,0,0,1,0,0,0,0,0,0,0,0,0,0,0,0,0,0,0,0,46,0,0,14-May-18
0225 C1 W-HW 13 drought,1,0,2,0,0,0,0,0,0,0,0,14,1,2,0,0,0,0,2,0,0,0,0,0,0,0,0,0,52,0,0,14-May-18
0226 C1 W-HW 14 drought,2,0,8,0,0,0,0,0,0,0,0,11,2,10,0,0,0,0,1,0,0,0,0,0,0,0,0,0,32,0,0,14-May-18
0227 C1 W-HW 15 drought,3,0,1,0,0,0,0,0,0,0,0,5,3,3,0,0,0,0,11,0,0,0,0,0,0,0,0,0,504,0,0,14-May-18
0228 C1 W-HW 16 drought,0,0,1,0,0,0,0,0,0,0,0,13,2,7,0,0,0,0,1,0,0,0,0,0,0,0,0,0,14,0,0,14-May-18
0229 C1 W-HW 17 drought,3,0,5,0,0,0,0,0,0,0,0,4,0,5,0,0,0,0,3,0,0,0,0,0,0,0,0,0,10,0,0,14-May-18
0230 C1 W-HW 18 drought,3,0,4,0,0,0,0,0,0,0,0,20,4,19,0,0,0,0,6,0,0,0,0,0,0,0,0,0,9,0,0,14-May-18
0231 C1 W-HW 19 drought,2,0,1,0,0,0,0,0,0,0,0,3,2,2,0,0,0,0,24,0,0,0,0,0,0,0,0,0,512,0,0,14-May-18
0232 C1 W-HW 20 drought,1,0,2,0,0,0,0,0,0,0,0,5,0,3,0,0,0,0,1,0,0,0,0,0,0,0,0,0,135,0,0,14-May-18
0233 C1 W-HW 21 drought,0,0,3,0,0,0,0,0,0,0,0,17,6,12,0,0,0,0,5,0,0,0,0,0,0,0,0,0,10,0,0,14-May-18
0234 C1 W-HW 22 drought,0,0,6,0,0,0,0,0,0,0,0,3,0,0,0,0,0,0,0,0,0,0,0,0,0,0,0,0,38,0,0,14-May-18
0235 C1 W-HW 23 drought,2,0,3,0,0,0,0,0,0,0,0,21,3,11,0,0,0,0,3,0,0,0,0,0,0,0,0,0,23,0,0,14-May-18
0236 C1 W-HW 24 drought,1,0,3,0,0,0,0,0,0,0,0,11,0,8,0,0,0,0,0,0,0,0,0,0,0,0,0,0,59,0,0,14-May-18
0237 C1 W-HW 25 drought,0,0,2,0,0,0,0,0,0,0,0,24,2,12,0,0,0,0,2,0,0,0,0,0,0,0,0,0,6,0,0,14-May-18
0238 C1 W-HW 26 drought,0,0,0,0,0,0,0,0,0,0,0,11,3,10,0,0,0,0,9,0,0,0,0,0,0,0,0,0,36,0,0,14-May-18
0239 C1 W-HW 27 drought,4,0,3,0,0,0,0,0,0,0,0,11,0,4,0,0,0,0,1,0,0,0,0,0,0,0,0,0,36,0,0,14-May-18
3029 C1 W-HW 4 water,11,0,8,0,0,0,0,0,0,0,0,5,4,5,0,0,0,0,3,0,0,0,0,0,0,0,0,0,25,0,0,17-May-19
3030 C1 W-HW 5 water,0,0,0,0,0,0,0,0,0,0,0,0,0,0,0,0,0,0,1,0,0,0,0,0,0,0,0,0,27,0,0,17-May-19
3031 C1 W-HW 6 water,0,0,2,0,0,0,0,0,0,0,0,1,0,1,0,0,0,0,7,0,0,0,0,0,0,0,0,0,33,0,0,17-May-19
3032 C1 W-HW 7 water,0,0,0,0,0,0,0,0,0,0,0,0,0,0,0,0,0,0,0,0,0,0,0,0,0,0,0,0,31,0,0,17-May-19
3033 C1 W-HW 8 water,3,0,14,0,0,0,0,0,0,0,0,12,0,2,0,0,0,0,8,0,0,0,0,0,0,0,0,0,67,0,0,17-May-19
3034 C1 W-HW 9 water,0,0,0,0,0,0,0,0,0,0,0,0,0,0,0,0,0,0,9,0,0,0,0,0,0,0,0,0,23,0,0,17-May-19
0307 C1 W-HW 4 water,2,0,2,0,0,0,0,0,0,0,0,17,5,7,0,0,0,0,2,0,0,0,0,0,0,0,0,0,152,0,0,21-May-18
0308 C1 W-HW 5 water,0,0,0,0,0,0,0,0,0,0,0,8,2,5,0,0,0,0,7,0,0,0,0,0,0,0,0,0,87,0,0,21-May-18
0309 C1 W-HW 6 water,2,0,2,0,0,0,0,0,0,0,0,18,12,17,0,0,0,0,3,0,0,0,0,0,0,0,0,0,35,0,0,21-May-18
0310 C1 W-HW 7 water,1,0,2,0,0,0,0,0,0,0,0,3,1,4,0,0,0,0,1,0,0,0,0,0,0,0,0,0,9,0,0,21-May-18
0311 C1 W-HW 8 water,1,0,7,0,0,0,0,0,0,0,0,37,5,15,0,0,0,0,4,0,0,0,0,0,0,0,0,0,27,0,0,21-May-18
0312 C1 W-HW 9 water,0,0,0,0,0,0,0,0,0,0,0,9,0,4,0,0,0,0,2,0,0,0,0,0,0,0,0,0,44,0,0,21-May-18
0313 C1 W-HW 13 drought,6,0,7,0,0,0,0,0,0,0,0,5,4,5,0,0,0,0,0,0,0,0,0,0,0,0,0,0,195,0,0,21-May-18
0314 C1 W-HW 14 drought,0,0,5,0,0,0,0,0,0,0,0,22,3,10,0,0,0,0,1,0,0,0,0,0,0,0,0,0,7,0,0,21-May-18
0315 C1 W-HW 15 drought,1,0,0,0,0,0,0,0,0,0,0,2,0,2,0,0,0,0,1,0,0,0,0,0,0,0,0,0,1121,0,0,21-May-18
0316 C1 W-HW 16 drought,2,0,3,0,0,0,0,0,0,0,0,2,1,4,0,0,0,0,2,0,0,0,0,0,0,0,0,0,43,0,0,21-May-18
0317 C1 W-HW 17 drought,3,0,4,0,0,0,0,0,0,0,0,10,1,3,0,0,0,0,0,0,0,0,0,0,0,0,0,0,64,0,0,21-May-18
0318 C1 W-HW 18 drought,0,0,3,0,0,0,0,0,0,0,0,31,1,10,0,0,0,0,4,0,0,0,0,0,0,0,0,0,23,0,0,21-May-18
0319 C1 W-HW 19 drought,0,0,0,0,0,0,0,0,0,0,0,2,0,2,0,0,0,0,1,0,0,0,0,0,0,0,0,0,143,0,0,21-May-18
0320 C1 W-HW 20 drought,10,0,7,0,0,0,0,0,0,0,0,6,1,4,0,0,0,0,0,0,0,0,0,0,0,0,0,0,40,0,0,21-May-18
0321 C1 W-HW 21 drought,5,0,6,0,0,0,0,0,0,0,0,6,6,7,0,0,0,0,4,0,0,0,0,0,0,0,0,0,73,0,0,21-May-18
0322 C1 W-HW 22 drought,1,0,0,0,0,0,0,0,0,0,0,13,4,6,0,0,0,0,3,0,0,0,0,0,0,0,0,0,9,0,0,21-May-18
0323 C1 W-HW 23 drought,1,0,8,0,0,0,0,0,0,0,0,30,6,15,0,0,0,0,2,0,0,0,0,0,0,0,0,0,23,0,0,21-May-18
0324 C1 W-HW 24 drought,1,0,6,0,0,0,0,0,0,0,0,5,1,9,0,0,0,0,3,0,0,0,0,0,0,0,0,0,733,0,0,21-May-18
0325 C1 W-HW 25 drought,1,0,6,0,0,0,0,0,0,0,0,31,0,15,0,0,0,0,2,0,0,0,0,0,0,0,0,0,11,0,0,21-May-18
0326 C1 W-HW 26 drought,1,0,0,0,0,0,0,0,0,0,0,21,10,13,0,0,0,0,10,0,0,0,0,0,0,0,0,0,99,0,0,21-May-18
0327 C1 W-HW 27 drought,1,0,7,0,0,0,0,0,0,0,0,14,1,3,0,0,0,0,1,0,0,0,0,0,0,0,0,0,13,0,0,21-May-18
0406 C1 W-HW 4 water,6,0,7,0,0,0,0,0,0,0,0,15,7,7,0,0,0,0,0,0,0,0,0,0,0,0,0,0,177,0,0,1-Jun-18
0407 C1 W-HW 5 water,0,0,0,0,0,0,0,0,0,0,0,9,0,2,0,0,0,0,2,0,0,0,0,0,0,0,0,0,190,0,0,1-Jun-18
0408 C1 W-HW 6 water,2,0,2,0,0,0,0,0,0,0,0,10,4,12,0,0,0,0,6,0,0,0,0,0,0,0,0,0,764,0,0,1-Jun-18
0409 C1 W-HW 7 water,4,0,4,0,0,0,0,0,0,0,0,1,2,0,0,0,0,0,3,0,0,0,0,0,0,0,0,0,91,0,0,1-Jun-18
0410 C1 W-HW 8 water,3,0,10,0,0,0,0,0,0,0,0,24,1,19,0,0,0,0,3,0,0,0,0,0,0,0,0,0,594,0,0,1-Jun-18
0411 C1 W-HW 9 water,0,0,0,0,0,0,0,0,0,0,0,1,0,0,0,0,0,0,0,0,0,0,0,0,0,0,0,0,1820,0,0,1-Jun-18
0412 C1 W-HW 13 drought,1,0,2,0,0,0,0,0,0,0,0,12,4,4,0,0,0,0,4,0,0,0,0,0,0,0,0,0,249,0,0,1-Jun-18
0413 C1 W-HW 14 drought,3,0,3,0,0,0,0,0,0,0,0,12,4,8,0,0,0,0,1,0,0,0,0,0,0,0,0,0,359,0,0,1-Jun-18
0414 C1 W-HW 15 drought,0,0,6,0,0,0,0,0,0,0,0,4,1,5,0,0,0,0,3,0,0,0,0,0,0,0,0,0,1607,0,0,1-Jun-18
0415 C1 W-HW 16 drought,3,0,7,0,0,0,0,0,0,0,0,1,1,2,0,0,0,0,1,0,0,0,0,0,0,0,0,0,384,0,0,1-Jun-18
0416 C1 W-HW 17 drought,6,0,1,0,0,0,0,0,0,0,0,9,0,3,0,0,0,0,0,0,0,0,0,0,0,0,0,0,919,0,0,1-Jun-18
0417 C1 W-HW 18 drought,15,0,5,0,0,0,0,0,0,0,0,14,10,15,0,0,0,0,1,0,0,0,0,0,0,0,0,0,169,0,0,1-Jun-18
0418 C1 W-HW 19 drought,0,0,0,0,0,0,0,0,0,0,0,1,0,2,0,0,0,0,10,0,0,0,0,0,0,0,0,0,124,0,0,1-Jun-18
0419 C1 W-HW 20 drought,2,0,2,0,0,0,0,0,0,0,0,3,2,2,0,0,0,0,11,0,0,0,0,0,0,0,0,0,431,0,0,1-Jun-18
0420 C1 W-HW 21 drought,2,0,6,0,0,0,0,0,0,0,0,2,3,0,0,0,0,0,2,0,0,0,0,0,0,0,0,0,2054,0,0,1-Jun-18
0421 C1 W-HW 22 drought,8,0,11,0,0,0,0,0,0,0,0,5,0,2,0,0,0,0,1,0,0,0,0,0,0,0,0,0,1474,0,0,1-Jun-18
0422 C1 W-HW 23 drought,4,0,10,0,0,0,0,0,0,0,0,18,9,15,0,0,0,0,2,0,0,0,0,0,0,0,0,0,54,0,0,1-Jun-18
0423 C1 W-HW 24 drought,3,0,6,0,0,0,0,0,0,0,0,6,1,3,0,0,0,0,4,0,0,0,0,0,0,0,0,0,1245,0,0,1-Jun-18
0424 C1 W-HW 25 drought,7,0,14,0,0,0,0,0,0,0,0,18,2,10,0,0,0,0,2,0,0,0,0,0,0,0,0,0,105,0,0,1-Jun-18
0425 C1 W-HW 26 drought,0,0,0,0,0,0,0,0,0,0,0,6,2,10,0,0,0,0,6,0,0,0,0,0,0,0,0,0,580,0,0,1-Jun-18
0426 C1 W-HW 27 drought,8,0,11,0,0,0,0,0,0,0,0,2,0,7,0,0,0,0,1,0,0,0,0,0,0,0,0,0,175,0,0,1-Jun-18
2574 C1 W-HW 4 water,14,0,13,0,0,0,0,0,0,0,0,6,2,1,0,0,0,0,2,0,0,0,0,0,0,0,0,0,67,0,0,2-Nov-18
2575 C1 W-HW 5 water,0,0,1,0,0,0,0,0,0,0,0,6,3,2,0,0,0,0,33,0,0,0,0,0,0,0,0,0,178,0,0,2-Nov-18
2576 C1 W-HW 6 water,10,0,10,0,0,0,0,0,0,0,0,6,0,11,0,0,0,0,70,0,0,0,0,0,0,0,0,0,84,0,0,2-Nov-18
2577 C1 W-HW 7 water,0,0,2,0,0,0,0,0,0,0,0,3,1,0,0,0,0,0,1,0,0,0,0,0,0,0,0,0,49,0,0,2-Nov-18
2578 C1 W-HW 8 water,12,0,33,0,0,0,0,0,0,0,0,17,4,14,0,0,0,0,2,0,0,0,0,0,0,0,0,0,161,0,0,2-Nov-18
2579 C1 W-HW 9 water,0,0,0,0,0,0,0,0,0,0,0,0,0,0,0,0,0,0,2,0,0,0,0,0,0,0,0,0,34,0,0,2-Nov-18
2580 C1 W-HW 13 drought,0,0,0,0,0,0,0,0,0,0,0,0,0,0,0,0,0,0,0,0,0,0,0,0,0,0,0,0,38,0,0,2-Nov-18
2581 C1 W-HW 14 drought,0,0,0,0,0,0,0,0,0,0,0,0,0,0,0,0,0,0,1,0,0,0,0,0,0,0,0,0,32,0,0,2-Nov-18
2582 C1 W-HW 15 drought,0,0,0,0,0,0,0,0,0,0,0,0,0,0,0,0,0,0,1,0,0,0,0,0,0,0,0,0,39,0,0,2-Nov-18
2583 C1 W-HW 16 drought,0,0,0,0,0,0,0,0,0,0,0,0,0,0,0,0,0,0,2,0,0,0,0,0,0,0,0,0,50,0,0,2-Nov-18
2584 C1 W-HW 17 drought,0,0,0,0,0,0,0,0,0,0,0,0,0,0,0,0,0,0,1,0,0,0,0,0,0,0,0,0,57,0,0,2-Nov-18
2585 C1 W-HW 18 drought,0,0,0,0,0,0,0,0,0,0,0,0,0,0,0,0,0,0,1,0,0,0,0,0,0,0,0,0,41,0,0,2-Nov-18
2586 C1 W-HW 19 drought,0,0,0,0,0,0,0,0,0,0,0,0,0,0,0,0,0,0,24,0,0,0,0,0,0,0,0,0,254,0,0,2-Nov-18
2587 C1 W-HW 20 drought,0,0,0,0,0,0,0,0,0,0,0,0,0,0,0,0,0,0,0,0,0,0,0,0,0,0,0,0,68,0,0,2-Nov-18
2588 C1 W-HW 21 drought,0,0,0,0,0,0,0,0,0,0,0,0,0,0,0,0,0,0,0,0,0,0,0,0,0,0,0,0,39,0,0,2-Nov-18
2589 C1 W-HW 22 drought,0,0,0,0,0,0,0,0,0,0,0,0,0,0,0,0,0,0,0,0,0,0,0,0,0,0,0,0,43,0,0,2-Nov-18
2590 C1 W-HW 23 drought,0,0,0,0,0,0,0,0,0,0,0,0,0,0,0,0,0,0,1,0,0,0,0,0,0,0,0,0,39,0,0,2-Nov-18
2591 C1 W-HW 24 drought,0,0,0,0,0,0,0,0,0,0,0,0,0,0,0,0,0,0,4,0,0,0,0,0,0,0,0,0,44,0,0,2-Nov-18
2592 C1 W-HW 25 drought,0,0,0,0,0,0,0,0,0,0,0,0,0,0,0,0,0,0,2,0,0,0,0,0,0,0,0,0,29,0,0,2-Nov-18
2593 C1 W-HW 26 drought,0,0,0,0,0,0,0,0,0,0,0,1,0,0,0,0,0,0,4,0,0,0,0,0,0,0,0,0,45,0,0,2-Nov-18
2594 C1 W-HW 27 drought,0,0,0,0,0,0,0,0,0,0,0,0,0,0,0,0,0,0,0,0,0,0,0,0,0,0,0,0,112,0,0,2-Nov-18
2218 C1 W-HW 4 water,10,0,13,0,0,0,0,0,0,0,0,5,2,2,0,0,0,0,2,0,0,0,0,0,0,0,0,0,32,0,0,4-Oct-18
2219 C1 W-HW 5 water,1,0,7,0,0,0,0,0,0,0,0,8,4,4,0,0,0,0,4,0,0,0,0,0,0,0,0,0,127,0,0,4-Oct-18
2220 C1 W-HW 6 water,3,0,12,0,0,0,0,0,0,0,0,5,2,0,0,0,0,0,14,0,0,0,0,0,0,0,0,0,302,0,0,4-Oct-18
2221 C1 W-HW 7 water,1,0,3,0,0,0,0,0,0,0,0,6,1,1,0,0,0,0,3,0,0,0,0,0,0,0,0,0,113,0,0,4-Oct-18
2222 C1 W-HW 8 water,16,0,34,0,0,0,0,0,0,0,0,17,3,25,0,0,0,0,3,0,0,0,0,0,0,0,0,0,64,0,0,4-Oct-18
2223 C1 W-HW 9 water,0,0,0,0,0,0,0,0,0,0,0,0,0,0,0,0,0,0,0,0,0,0,0,0,0,0,0,0,44,0,0,4-Oct-18
2224 C1 W-HW 13 drought,0,0,0,0,0,0,0,0,0,0,0,0,0,0,0,0,0,0,0,0,0,0,0,0,0,0,0,0,31,0,0,4-Oct-18
2225 C1 W-HW 14 drought,0,0,0,0,0,0,0,0,0,0,0,0,0,0,0,0,0,0,0,0,0,0,0,0,0,0,0,0,23,0,0,4-Oct-18
2226 C1 W-HW 15 drought,0,0,0,0,0,0,0,0,0,0,0,0,0,0,0,0,0,0,0,0,0,0,0,0,0,0,0,0,37,0,0,4-Oct-18
2227 C1 W-HW 16 drought,0,0,0,0,0,0,0,0,0,0,0,0,0,0,0,0,0,0,2,0,0,0,0,0,0,0,0,0,42,0,0,4-Oct-18
2228 C1 W-HW 17 drought,0,0,0,0,0,0,0,0,0,0,0,0,0,0,0,0,0,0,3,0,0,0,0,0,0,0,0,0,28,0,0,4-Oct-18
2229 C1 W-HW 18 drought,0,0,0,0,0,0,0,0,0,0,0,0,0,0,0,0,0,0,0,0,0,0,0,0,0,0,0,0,34,0,0,4-Oct-18
2230 C1 W-HW 19 drought,0,0,0,0,0,0,0,0,0,0,0,0,0,0,0,0,0,0,8,0,0,0,0,0,0,0,0,0,101,0,0,4-Oct-18
2231 C1 W-HW 20 drought,0,0,0,0,0,0,0,0,0,0,0,0,0,0,0,0,0,0,2,0,0,0,0,0,0,0,0,0,56,0,0,4-Oct-18
2232 C1 W-HW 21 drought,0,0,0,0,0,0,0,0,0,0,0,0,0,0,0,0,0,0,1,0,0,0,0,0,0,0,0,0,74,0,0,4-Oct-18
2233 C1 W-HW 22 drought,0,0,0,0,0,0,0,0,0,0,0,0,0,0,0,0,0,0,0,0,0,0,0,0,0,0,0,0,49,0,0,4-Oct-18
2234 C1 W-HW 23 drought,0,0,0,0,0,0,0,0,0,0,0,0,0,0,0,0,0,0,3,0,0,0,0,0,0,0,0,0,45,0,0,4-Oct-18
2235 C1 W-HW 24 drought,0,0,0,0,0,0,0,0,0,0,0,0,0,0,0,0,0,0,7,0,0,0,0,0,0,0,0,0,70,0,0,4-Oct-18
2236 C1 W-HW 25 drought,0,0,0,0,0,0,0,0,0,0,0,0,0,0,0,0,0,0,1,0,0,0,0,0,0,0,0,0,39,0,0,4-Oct-18
2237 C1 W-HW 26 drought,0,0,0,0,0,0,0,0,0,0,0,0,0,0,0,0,0,0,0,0,0,0,0,0,0,0,0,0,22,0,0,4-Oct-18
2238 C1 W-HW 27 drought,0,0,0,0,0,0,0,0,0,0,0,1,0,0,0,0,0,0,9,0,0,0,0,0,0,0,0,0,100,0,0,4-Oct-18
2306 C1 W-HW 4 water,7,0,13,0,0,0,0,0,0,0,0,5,2,2,0,0,0,0,5,0,0,0,0,0,0,0,0,0,325,0,0,12-Oct-18
2307 C1 W-HW 5 water,2,0,3,0,0,0,0,0,0,0,0,11,4,5,0,0,0,0,2,0,0,0,0,0,0,0,0,0,35,0,0,12-Oct-18
2308 C1 W-HW 6 water,14,0,16,0,0,0,0,0,0,0,0,19,0,8,0,0,0,0,1,0,0,0,0,0,0,0,0,0,63,0,0,12-Oct-18
2309 C1 W-HW 7 water,0,0,1,0,0,0,0,0,0,0,0,3,1,2,0,0,0,0,2,0,0,0,0,0,0,0,0,0,33,0,0,12-Oct-18
2310 C1 W-HW 8 water,4,0,24,0,0,0,0,0,0,0,0,16,6,28,0,0,0,0,5,0,0,0,0,0,0,0,0,0,98,0,0,12-Oct-18
2311 C1 W-HW 9 water,0,0,0,0,0,0,0,0,0,0,0,0,0,0,0,0,0,0,3,0,0,0,0,0,0,0,0,0,35,0,0,12-Oct-18
2312 C1 W-HW 13 drought,0,0,0,0,0,0,0,0,0,0,0,0,0,0,0,0,0,0,0,0,0,0,0,0,0,0,0,0,57,0,0,12-Oct-18
2313 C1 W-HW 14 drought,0,0,0,0,0,0,0,0,0,0,0,0,0,0,0,0,0,0,0,0,0,0,0,0,0,0,0,0,38,0,0,12-Oct-18
2314 C1 W-HW 15 drought,0,0,0,0,0,0,0,0,0,0,0,0,0,0,0,0,0,0,1,0,0,0,0,0,0,0,0,0,62,0,0,12-Oct-18
2315 C1 W-HW 16 drought,0,0,0,0,0,0,0,0,0,0,0,0,0,0,0,0,0,0,2,0,0,0,0,0,0,0,0,0,30,0,0,12-Oct-18
2316 C1 W-HW 17 drought,0,0,0,0,0,0,0,0,0,0,0,0,0,0,0,0,0,0,2,0,0,0,0,0,0,0,0,0,90,0,0,12-Oct-18
2317 C1 W-HW 18 drought,0,0,0,0,0,0,0,0,0,0,0,0,0,0,0,0,0,0,1,0,0,0,0,0,0,0,0,0,26,0,0,12-Oct-18
2318 C1 W-HW 19 drought,0,0,0,0,0,0,0,0,0,0,0,0,0,0,0,0,0,0,6,0,0,0,0,0,0,0,0,0,25,0,0,12-Oct-18
2319 C1 W-HW 20 drought,0,0,0,0,0,0,0,0,0,0,0,0,0,0,0,0,0,0,0,0,0,0,0,0,0,0,0,0,62,0,0,12-Oct-18
2320 C1 W-HW 21 drought,0,0,0,0,0,0,0,0,0,0,0,0,0,0,0,0,0,0,0,0,0,0,0,0,0,0,0,0,19,0,0,12-Oct-18
2321 C1 W-HW 22 drought,0,0,0,0,0,0,0,0,0,0,0,0,0,0,0,0,0,0,1,0,0,0,0,0,0,0,0,0,48,0,0,12-Oct-18
2322 C1 W-HW 23 drought,0,0,0,0,0,0,0,0,0,0,0,0,0,0,0,0,0,0,0,0,0,0,0,0,0,0,0,0,33,0,0,12-Oct-18
2323 C1 W-HW 24 drought,0,0,0,0,0,0,0,0,0,0,0,0,0,0,0,0,0,0,2,0,0,0,0,0,0,0,0,0,58,0,0,12-Oct-18
2324 C1 W-HW 25 drought,0,0,0,0,0,0,0,0,0,0,0,0,0,0,0,0,0,0,2,0,0,0,0,0,0,0,0,0,32,0,0,12-Oct-18
2325 C1 W-HW 26 drought,0,0,0,0,0,0,0,0,0,0,0,0,0,0,0,0,0,0,0,0,0,0,0,0,0,0,0,0,26,0,0,12-Oct-18
2326 C1 W-HW 27 drought,0,0,0,0,0,0,0,0,0,0,0,1,0,0,0,0,0,0,2,0,0,0,0,0,0,0,0,0,79,0,0,12-Oct-18
2397 C1 W-HW 4 water,11,0,17,0,0,0,0,0,0,0,0,3,3,3,0,0,0,0,1,0,0,0,0,0,0,0,0,0,39,0,0,19-Oct-18
2398 C1 W-HW 5 water,3,0,5,0,0,0,0,0,0,0,0,19,2,18,0,0,0,0,3,0,0,0,0,0,0,0,0,0,25,0,0,19-Oct-18
2399 C1 W-HW 6 water,1,0,6,0,0,0,0,0,0,0,0,14,3,10,0,0,0,0,83,0,0,0,0,0,0,0,0,0,37,0,0,19-Oct-18
2400 C1 W-HW 7 water,3,0,0,0,0,0,0,0,0,0,0,3,0,1,0,0,0,0,1,0,0,0,0,0,0,0,0,0,120,0,0,19-Oct-18
2401 C1 W-HW 8 water,0,0,25,0,0,0,0,0,0,0,0,23,0,22,0,0,0,0,12,0,0,0,0,0,0,0,0,0,33,0,0,19-Oct-18
2402 C1 W-HW 9 water,0,0,0,0,0,0,0,0,0,0,0,0,0,0,0,0,0,0,5,0,0,0,0,0,0,0,0,0,35,0,0,19-Oct-18
2403 C1 W-HW 13 drought,0,0,0,0,0,0,0,0,0,0,0,0,0,0,0,0,0,0,2,0,0,0,0,0,0,0,0,0,22,0,0,19-Oct-18
2404 C1 W-HW 14 drought,0,0,0,0,0,0,0,0,0,0,0,0,0,0,0,0,0,0,2,0,0,0,0,0,0,0,0,0,38,0,0,19-Oct-18
2405 C1 W-HW 15 drought,0,0,0,0,0,0,0,0,0,0,0,0,0,0,0,0,0,0,0,0,0,0,0,0,0,0,0,0,47,0,0,19-Oct-18
2406 C1 W-HW 16 drought,0,0,0,0,0,0,0,0,0,0,0,0,0,0,0,0,0,0,1,0,0,0,0,0,0,0,0,0,23,0,0,19-Oct-18
2407 C1 W-HW 17 drought,0,0,0,0,0,0,0,0,0,0,0,0,0,0,0,0,0,0,0,0,0,0,0,0,0,0,0,0,51,0,0,19-Oct-18
2408 C1 W-HW 18 drought,0,0,0,0,0,0,0,0,0,0,0,0,0,0,0,0,0,0,0,0,0,0,0,0,0,0,0,0,29,0,0,19-Oct-18
2409 C1 W-HW 19 drought,0,0,0,0,0,0,0,0,0,0,0,0,0,0,0,0,0,0,44,0,0,0,0,0,0,0,0,0,62,0,0,19-Oct-18
2410 C1 W-HW 20 drought,0,0,0,0,0,0,0,0,0,0,0,0,0,0,0,0,0,0,6,0,0,0,0,0,0,0,0,0,73,0,0,19-Oct-18
2411 C1 W-HW 21 drought,0,0,0,0,0,0,0,0,0,0,0,0,0,0,0,0,0,0,3,0,0,0,0,0,0,0,0,0,139,0,0,19-Oct-18
2412 C1 W-HW 22 drought,0,0,0,0,0,0,0,0,0,0,0,0,0,0,0,0,0,0,8,0,0,0,0,0,0,0,0,0,83,0,0,19-Oct-18
2413 C1 W-HW 23 drought,0,0,0,0,0,0,0,0,0,0,0,0,0,0,0,0,0,0,0,0,0,0,0,0,0,0,0,0,15,0,0,19-Oct-18
2414 C1 W-HW 24 drought,0,0,0,0,0,0,0,0,0,0,0,0,0,0,0,0,0,0,10,0,0,0,0,0,0,0,0,0,52,0,0,19-Oct-18
2415 C1 W-HW 25 drought,0,0,0,0,0,0,0,0,0,0,0,0,0,0,0,0,0,0,0,0,0,0,0,0,0,0,0,0,23,0,0,19-Oct-18
2416 C1 W-HW 26 drought,0,0,0,0,0,0,0,0,0,0,0,0,0,0,0,0,0,0,0,0,0,0,0,0,0,0,0,0,22,0,0,19-Oct-18
2417 C1 W-HW 27 drought,0,0,0,0,0,0,0,0,0,0,0,0,0,0,0,0,0,0,2,0,0,0,0,0,0,0,0,0,73,0,0,19-Oct-18
2486 C1 W-HW 4 water,8,0,5,0,0,0,0,0,0,0,0,6,6,0,0,0,0,0,14,0,0,0,0,0,0,0,0,0,213,0,0,24-Oct-18
2487 C1 W-HW 5 water,2,0,0,0,0,0,0,0,0,0,0,7,4,4,0,0,0,0,26,0,0,0,0,0,0,0,0,0,39,0,0,24-Oct-18
2488 C1 W-HW 6 water,8,0,8,0,0,0,0,0,0,0,0,9,8,9,0,0,0,0,11,0,0,0,0,0,0,0,0,0,215,0,0,24-Oct-18
2489 C1 W-HW 7 water,0,0,5,0,0,0,0,0,0,0,0,3,1,1,0,0,0,0,1,0,0,0,0,0,0,0,0,0,50,0,0,24-Oct-18
2490 C1 W-HW 8 water,6,0,23,0,0,0,0,0,0,0,0,21,6,9,0,0,0,0,9,0,0,0,0,0,0,0,0,0,74,0,0,24-Oct-18
2491 C1 W-HW 9 water,0,0,0,0,0,0,0,0,0,0,0,0,0,0,0,0,0,0,2,0,0,0,0,0,0,0,0,0,29,0,0,24-Oct-18
2492 C1 W-HW 13 drought,0,0,0,0,0,0,0,0,0,0,0,0,0,0,0,0,0,0,1,0,0,0,0,0,0,0,0,0,54,0,0,24-Oct-18
2493 C1 W-HW 14 drought,0,0,0,0,0,0,0,0,0,0,0,0,0,0,0,0,0,0,0,0,0,0,0,0,0,0,0,0,17,0,0,24-Oct-18
2494 C1 W-HW 15 drought,0,0,0,0,0,0,0,0,0,0,0,0,0,0,0,0,0,0,1,0,0,0,0,0,0,0,0,0,57,0,0,24-Oct-18
2495 C1 W-HW 16 drought,0,0,0,0,0,0,0,0,0,0,0,0,0,0,0,0,0,0,0,0,0,0,0,0,0,0,0,0,22,0,0,24-Oct-18
2496 C1 W-HW 17 drought,0,0,0,0,0,0,0,0,0,0,0,0,0,0,0,0,0,0,2,0,0,0,0,0,0,0,0,0,83,0,0,24-Oct-18
2497 C1 W-HW 18 drought,0,0,0,0,0,0,0,0,0,0,0,0,0,0,0,0,0,0,0,0,0,0,0,0,0,0,0,0,26,0,0,24-Oct-18
2498 C1 W-HW 19 drought,0,0,0,0,0,0,0,0,0,0,0,0,0,0,0,0,0,0,0,0,0,0,0,0,0,0,0,0,34,0,0,24-Oct-18
2499 C1 W-HW 20 drought,0,0,0,0,0,0,0,0,0,0,0,0,0,0,0,0,0,0,5,0,0,0,0,0,0,0,0,0,71,0,0,24-Oct-18
2500 C1 W-HW 21 drought,0,0,0,0,0,0,0,0,0,0,0,0,0,0,0,0,0,0,3,0,0,0,0,0,0,0,0,0,94,0,0,24-Oct-18
2501 C1 W-HW 22 drought,0,0,0,0,0,0,0,0,0,0,0,0,0,0,0,0,0,0,1,0,0,0,0,0,0,0,0,0,75,0,0,24-Oct-18
2502 C1 W-HW 23 drought,0,0,0,0,0,0,0,0,0,0,0,0,0,0,0,0,0,0,0,0,0,0,0,0,0,0,0,0,35,0,0,24-Oct-18
2503 C1 W-HW 24 drought,0,0,0,0,0,0,0,0,0,0,0,0,0,0,0,0,0,0,8,0,0,0,0,0,0,0,0,0,69,0,0,24-Oct-18
2504 C1 W-HW 25 drought,0,0,0,0,0,0,0,0,0,0,0,0,0,0,0,0,0,0,4,0,0,0,0,0,0,0,0,0,26,0,0,24-Oct-18
2505 C1 W-HW 26 drought,0,0,0,0,0,0,0,0,0,0,0,0,0,0,0,0,0,0,0,0,0,0,0,0,0,0,0,0,45,0,0,24-Oct-18
2506 C1 W-HW 27 drought,0,0,0,0,0,0,0,0,0,0,0,0,0,0,0,0,0,0,0,0,0,0,0,0,0,0,0,0,127,0,0,24-Oct-18
1866 C1 W-HW 4 water,9,0,9,0,0,0,0,0,0,0,0,4,4,3,0,0,0,0,1,0,0,0,0,0,0,0,0,0,61,0,0,7-Sep-18
1867 C1 W-HW 5 water,0,0,4,0,0,0,0,0,0,0,0,12,10,6,0,0,0,0,1,0,0,0,0,0,0,0,0,0,49,0,0,7-Sep-18
1868 C1 W-HW 6 water,10,0,10,0,0,0,0,0,0,0,0,11,6,10,0,0,0,0,3,0,0,0,0,0,0,0,0,0,63,0,0,7-Sep-18
1869 C1 W-HW 7 water,5,0,8,0,0,0,0,0,0,0,0,2,3,2,0,0,0,0,4,0,0,0,0,0,0,0,0,0,106,0,0,7-Sep-18
1870 C1 W-HW 8 water,9,0,20,0,0,0,0,0,0,0,0,26,4,15,0,0,0,0,1,0,0,0,0,0,0,0,0,0,102,0,0,7-Sep-18
1871 C1 W-HW 9 water,0,0,0,0,0,0,0,0,0,0,0,0,0,0,0,0,0,0,5,0,0,0,0,0,0,0,0,0,35,0,0,7-Sep-18
1872 C1 W-HW 13 drought,0,0,0,0,0,0,0,0,0,0,0,0,0,0,0,0,0,0,0,0,0,0,0,0,0,0,0,0,53,0,0,7-Sep-18
1873 C1 W-HW 14 drought,0,0,0,0,0,0,0,0,0,0,0,0,0,0,0,0,0,0,1,0,0,0,0,0,0,0,0,0,20,0,0,7-Sep-18
1874 C1 W-HW 15 drought,0,0,0,0,0,0,0,0,0,0,0,0,0,0,0,0,0,0,0,0,0,0,0,0,0,0,0,0,46,0,0,7-Sep-18
1875 C1 W-HW 16 drought,0,0,0,0,0,0,0,0,0,0,0,0,0,0,0,0,0,0,0,0,0,0,0,0,0,0,0,0,52,0,0,7-Sep-18
1876 C1 W-HW 17 drought,0,0,0,0,0,0,0,0,0,0,0,0,0,0,0,0,0,0,2,0,0,0,0,0,0,0,0,0,68,0,0,7-Sep-18
1877 C1 W-HW 18 drought,0,0,0,0,0,0,0,0,0,0,0,0,0,0,0,0,0,0,1,0,0,0,0,0,0,0,0,0,37,0,0,7-Sep-18
1878 C1 W-HW 19 drought,0,0,0,0,0,0,0,0,0,0,0,0,0,0,0,0,0,0,0,0,0,0,0,0,0,0,0,0,11,0,0,7-Sep-18
1879 C1 W-HW 20 drought,0,0,0,0,0,0,0,0,0,0,0,1,0,0,0,0,0,0,1,0,0,0,0,0,0,0,0,0,99,0,0,7-Sep-18
1880 C1 W-HW 21 drought,0,0,0,0,0,0,0,0,0,0,0,0,0,0,0,0,0,0,0,0,0,0,0,0,0,0,0,0,59,0,0,7-Sep-18
1881 C1 W-HW 22 drought,0,0,0,0,0,0,0,0,0,0,0,0,0,0,0,0,0,0,1,0,0,0,0,0,0,0,0,0,37,0,0,7-Sep-18
1882 C1 W-HW 23 drought,0,0,0,0,0,0,0,0,0,0,0,0,0,0,0,0,0,0,1,0,0,0,0,0,0,0,0,0,49,0,0,7-Sep-18
1883 C1 W-HW 24 drought,0,0,0,0,0,0,0,0,0,0,0,4,0,0,0,0,0,0,2,0,0,0,0,0,0,0,0,0,63,0,0,7-Sep-18
1884 C1 W-HW 25 drought,0,0,0,0,0,0,0,0,0,0,0,0,0,0,0,0,0,0,1,0,0,0,0,0,0,0,0,0,25,0,0,7-Sep-18
1885 C1 W-HW 26 drought,0,0,0,0,0,0,0,0,0,0,0,0,0,0,0,0,0,0,0,0,0,0,0,0,0,0,0,0,47,0,0,7-Sep-18
1886 C1 W-HW 27 drought,0,0,0,0,0,0,0,0,0,0,0,0,0,0,0,0,0,0,0,0,0,0,0,0,0,0,0,0,68,0,0,7-Sep-18
1954 C1 W-HW 4 water,8,0,16,0,0,0,0,0,0,0,0,4,0,4,0,0,0,0,3,0,0,0,0,0,0,0,0,0,103,0,0,14-Sep-18
1955 C1 W-HW 5 water,2,0,1,0,0,0,0,0,0,0,0,17,6,4,0,0,0,0,16,0,0,0,0,0,0,0,0,0,28,0,0,14-Sep-18
1956 C1 W-HW 6 water,3,0,9,0,0,0,0,0,0,0,0,12,8,14,0,0,0,0,6,0,0,0,0,0,0,0,0,0,59,0,0,14-Sep-18
1957 C1 W-HW 7 water,4,0,8,0,0,0,0,0,0,0,0,3,2,3,0,0,0,0,1,0,0,0,0,0,0,0,0,0,83,0,0,14-Sep-18
1958 C1 W-HW 8 water,8,0,14,0,0,0,0,0,0,0,0,11,5,15,0,0,0,0,7,0,0,0,0,0,0,0,0,0,63,0,0,14-Sep-18
1959 C1 W-HW 9 water,0,0,0,0,0,0,0,0,0,0,0,0,0,0,0,0,0,0,0,0,0,0,0,0,0,0,0,0,52,0,0,14-Sep-18
1960 C1 W-HW 13 drought,0,0,0,0,0,0,0,0,0,0,0,1,0,0,0,0,0,0,0,0,0,0,0,0,0,0,0,0,36,0,0,14-Sep-18
1961 C1 W-HW 14 drought,0,0,0,0,0,0,0,0,0,0,0,1,0,0,0,0,0,0,0,0,0,0,0,0,0,0,0,0,20,0,0,14-Sep-18
1962 C1 W-HW 15 drought,0,0,0,0,0,0,0,0,0,0,0,1,0,0,0,0,0,0,0,0,0,0,0,0,0,0,0,0,34,0,0,14-Sep-18
1963 C1 W-HW 16 drought,0,0,0,0,0,0,0,0,0,0,0,0,0,0,0,0,0,0,1,0,0,0,0,0,0,0,0,0,20,0,0,14-Sep-18
1964 C1 W-HW 17 drought,0,0,0,0,0,0,0,0,0,0,0,0,0,0,0,0,0,0,2,0,0,0,0,0,0,0,0,0,50,0,0,14-Sep-18
1965 C1 W-HW 18 drought,0,0,0,0,0,0,0,0,0,0,0,0,0,0,0,0,0,0,0,0,0,0,0,0,0,0,0,0,23,0,0,14-Sep-18
1966 C1 W-HW 19 drought,0,0,0,0,0,0,0,0,0,0,0,0,0,0,0,0,0,0,14,0,0,0,0,0,0,0,0,0,32,0,0,14-Sep-18
1967 C1 W-HW 20 drought,0,0,0,0,0,0,0,0,0,0,0,0,0,0,0,0,0,0,1,0,0,0,0,0,0,0,0,0,116,0,0,14-Sep-18
1968 C1 W-HW 21 drought,0,0,0,0,0,0,0,0,0,0,0,0,0,0,0,0,0,0,0,0,0,0,0,0,0,0,0,0,27,0,0,14-Sep-18
1969 C1 W-HW 22 drought,0,0,0,0,0,0,0,0,0,0,0,0,0,0,0,0,0,0,0,0,0,0,0,0,0,0,0,0,64,0,0,14-Sep-18
1970 C1 W-HW 23 drought,0,0,0,0,0,0,0,0,0,0,0,0,0,0,0,0,0,0,1,0,0,0,0,0,0,0,0,0,11,0,0,14-Sep-18
1971 C1 W-HW 24 drought,0,0,0,0,0,0,0,0,0,0,0,0,0,0,0,0,0,0,11,0,0,0,0,0,0,0,0,0,48,0,0,14-Sep-18
1972 C1 W-HW 25 drought,0,0,0,0,0,0,0,0,0,0,0,0,0,0,0,0,0,0,0,0,0,0,0,0,0,0,0,0,22,0,0,14-Sep-18
1973 C1 W-HW 26 drought,0,0,0,0,0,0,0,0,0,0,0,0,0,0,0,0,0,0,0,0,0,0,0,0,0,0,0,0,19,0,0,14-Sep-18
1974 C1 W-HW 27 drought,0,0,0,0,0,0,0,0,0,0,0,0,0,0,0,0,0,0,0,0,0,0,0,0,0,0,0,0,51,0,0,14-Sep-18
2042 C1 W-HW 4 water,10,0,22,0,0,0,0,0,0,0,0,3,6,4,0,0,0,0,2,0,0,0,0,0,0,0,0,0,44,0,0,20-Sep-18
2043 C1 W-HW 5 water,1,0,1,0,0,0,0,0,0,0,0,7,3,7,0,0,0,0,12,0,0,0,0,0,0,0,0,0,35,0,0,20-Sep-18
2044 C1 W-HW 6 water,8,0,17,0,0,0,0,0,0,0,0,9,2,7,0,0,0,0,7,0,0,0,0,0,0,0,0,0,326,0,0,20-Sep-18
2045 C1 W-HW 7 water,4,0,5,0,0,0,0,0,0,0,0,2,0,1,0,0,0,0,0,0,0,0,0,0,0,0,0,0,73,0,0,20-Sep-18
2046 C1 W-HW 8 water,7,0,23,0,0,0,0,0,0,0,0,11,6,16,0,0,0,0,5,0,0,0,0,0,0,0,0,0,245,0,0,20-Sep-18
2047 C1 W-HW 9 water,0,0,0,0,0,0,0,0,0,0,0,0,0,0,0,0,0,0,3,0,0,0,0,0,0,0,0,0,38,0,0,20-Sep-18
2048 C1 W-HW 13 drought,0,0,0,0,0,0,0,0,0,0,0,0,0,0,0,0,0,0,0,0,0,0,0,0,0,0,0,0,41,0,0,20-Sep-18
2049 C1 W-HW 14 drought,0,0,0,0,0,0,0,0,0,0,0,0,0,0,0,0,0,0,0,0,0,0,0,0,0,0,0,0,27,0,0,20-Sep-18
2050 C1 W-HW 15 drought,0,0,0,0,0,0,0,0,0,0,0,0,0,0,0,0,0,0,1,0,0,0,0,0,0,0,0,0,24,0,0,20-Sep-18
2051 C1 W-HW 16 drought,0,0,0,0,0,0,0,0,0,0,0,0,0,0,0,0,0,0,0,0,0,0,0,0,0,0,0,0,29,0,0,20-Sep-18
2052 C1 W-HW 17 drought,0,0,0,0,0,0,0,0,0,0,0,0,0,0,0,0,0,0,0,0,0,0,0,0,0,0,0,0,78,0,0,20-Sep-18
2053 C1 W-HW 18 drought,0,0,0,0,0,0,0,0,0,0,0,0,0,0,0,0,0,0,0,0,0,0,0,0,0,0,0,0,38,0,0,20-Sep-18
2054 C1 W-HW 19 drought,0,0,0,0,0,0,0,0,0,0,0,0,0,0,0,0,0,0,5,0,0,0,0,0,0,0,0,0,171,0,0,20-Sep-18
2055 C1 W-HW 20 drought,0,0,0,0,0,0,0,0,0,0,0,0,0,0,0,0,0,0,0,0,0,0,0,0,0,0,0,0,67,0,0,20-Sep-18
2056 C1 W-HW 21 drought,0,0,0,0,0,0,0,0,0,0,0,0,0,0,0,0,0,0,0,0,0,0,0,0,0,0,0,0,14,0,0,20-Sep-18
2057 C1 W-HW 22 drought,0,0,0,0,0,0,0,0,0,0,0,0,0,0,0,0,0,0,0,0,0,0,0,0,0,0,0,0,38,0,0,20-Sep-18
2058 C1 W-HW 23 drought,0,0,0,0,0,0,0,0,0,0,0,0,0,0,0,0,0,0,0,0,0,0,0,0,0,0,0,0,38,0,0,20-Sep-18
2059 C1 W-HW 24 drought,0,0,0,0,0,0,0,0,0,0,0,0,0,0,0,0,0,0,2,0,0,0,0,0,0,0,0,0,45,0,0,20-Sep-18
2060 C1 W-HW 25 drought,0,0,0,0,0,0,0,0,0,0,0,0,0,0,0,0,0,0,0,0,0,0,0,0,0,0,0,0,26,0,0,20-Sep-18
2061 C1 W-HW 26 drought,0,0,0,0,0,0,0,0,0,0,0,1,0,0,0,0,0,0,0,0,0,0,0,0,0,0,0,0,16,0,0,20-Sep-18
2062 C1 W-HW 27 drought,0,0,0,0,0,0,0,0,0,0,0,0,0,0,0,0,0,0,2,0,0,0,0,0,0,0,0,0,82,0,0,20-Sep-18
2130 C1 W-HW 4 water,9,0,14,0,0,0,0,0,0,0,0,4,1,3,0,0,0,0,0,0,0,0,0,0,0,0,0,0,82,0,0,28-Sep-18
2131 C1 W-HW 5 water,4,0,1,0,0,0,0,0,0,0,0,6,0,5,0,0,0,0,2,0,0,0,0,0,0,0,0,0,205,0,0,28-Sep-18
2132 C1 W-HW 6 water,3,0,9,0,0,0,0,0,0,0,0,8,3,1,0,0,0,0,0,0,0,0,0,0,0,0,0,0,198,0,0,28-Sep-18
2133 C1 W-HW 7 water,3,0,6,0,0,0,0,0,0,0,0,2,2,3,0,0,0,0,0,0,0,0,0,0,0,0,0,0,60,0,0,28-Sep-18
2134 C1 W-HW 8 water,6,0,52,0,0,0,0,0,0,0,0,35,3,19,0,0,0,0,6,0,0,0,0,0,0,0,0,0,88,0,0,28-Sep-18
2135 C1 W-HW 9 water,0,0,0,0,0,0,0,0,0,0,0,0,0,0,0,0,0,0,0,0,0,0,0,0,0,0,0,0,28,0,0,28-Sep-18
2136 C1 W-HW 13 drought,0,0,0,0,0,0,0,0,0,0,0,0,0,0,0,0,0,0,0,0,0,0,0,0,0,0,0,0,14,0,0,28-Sep-18
2137 C1 W-HW 14 drought,0,0,0,0,0,0,0,0,0,0,0,0,0,0,0,0,0,0,0,0,0,0,0,0,0,0,0,0,27,0,0,28-Sep-18
2138 C1 W-HW 15 drought,0,0,0,0,0,0,0,0,0,0,0,0,0,0,0,0,0,0,0,0,0,0,0,0,0,0,0,0,38,0,0,28-Sep-18
2139 C1 W-HW 16 drought,0,0,0,0,0,0,0,0,0,0,0,0,0,0,0,0,0,0,0,0,0,0,0,0,0,0,0,0,32,0,0,28-Sep-18
2140 C1 W-HW 17 drought,0,0,0,0,0,0,0,0,0,0,0,1,0,0,0,0,0,0,0,0,0,0,0,0,0,0,0,0,32,0,0,28-Sep-18
2141 C1 W-HW 18 drought,0,0,0,0,0,0,0,0,0,0,0,0,0,0,0,0,0,0,0,0,0,0,0,0,0,0,0,0,31,0,0,28-Sep-18
2142 C1 W-HW 19 drought,0,0,0,0,0,0,0,0,0,0,0,0,0,0,0,0,0,0,6,0,0,0,0,0,0,0,0,0,31,0,0,28-Sep-18
2143 C1 W-HW 20 drought,0,0,0,0,0,0,0,0,0,0,0,0,0,0,0,0,0,0,0,0,0,0,0,0,0,0,0,0,51,0,0,28-Sep-18
2144 C1 W-HW 21 drought,0,0,0,0,0,0,0,0,0,0,0,0,0,0,0,0,0,0,0,0,0,0,0,0,0,0,0,0,45,0,0,28-Sep-18
2145 C1 W-HW 22 drought,0,0,0,0,0,0,0,0,0,0,0,0,0,0,0,0,0,0,0,0,0,0,0,0,0,0,0,0,38,0,0,28-Sep-18
2146 C1 W-HW 23 drought,0,0,0,0,0,0,0,0,0,0,0,0,0,0,0,0,0,0,0,0,0,0,0,0,0,0,0,0,43,0,0,28-Sep-18
2147 C1 W-HW 24 drought,0,0,0,0,0,0,0,0,0,0,0,0,0,0,0,0,0,0,25,0,0,0,0,0,0,0,0,0,45,0,0,28-Sep-18
2148 C1 W-HW 25 drought,0,0,0,0,0,0,0,0,0,0,0,0,0,0,0,0,0,0,3,0,0,0,0,0,0,0,0,0,18,0,0,28-Sep-18
2149 C1 W-HW 26 drought,0,0,0,0,0,0,0,0,0,0,0,1,0,0,0,0,0,0,3,0,0,0,0,0,0,0,0,0,23,0,0,28-Sep-18
2150 C1 W-HW 27 drought,0,0,0,0,0,0,0,0,0,0,0,0,0,0,0,0,0,0,7,0,0,0,0,0,0,0,0,0,77,0,0,28-Sep-18
2993 C3 A-HW 4 water,1,0,6,0,0,0,0,0,0,0,0,7,4,3,0,0,0,0,2,0,0,0,0,0,0,0,0,0,32,0,0,1-Apr-19
2994 C3 A-HW 5 water,2,0,11,0,0,0,0,0,0,0,0,2,3,0,0,0,0,0,0,0,0,0,0,0,0,0,0,0,32,0,0,1-Apr-19
2995 C3 A-HW 6 water,0,0,0,0,0,0,0,0,0,0,0,0,0,0,0,0,0,0,5,0,0,0,0,0,0,0,0,0,71,0,0,1-Apr-19
2996 C3 A-HW 7 water,2,0,2,0,0,0,0,0,0,0,0,8,5,4,0,0,0,0,3,0,0,0,0,0,0,0,0,0,45,0,0,1-Apr-19
2997 C3 A-HW 8 water,0,0,0,0,0,0,0,0,0,0,0,1,0,0,0,0,0,0,10,0,0,0,0,0,0,0,0,0,136,0,0,1-Apr-19
2998 C3 A-HW 9 water,3,0,17,0,0,0,0,0,0,0,0,10,2,7,0,0,0,0,0,0,0,0,0,0,0,0,0,0,32,0,0,1-Apr-19
3017 C3 A-HW 4 water,1,0,3,0,0,0,0,0,0,0,0,5,1,2,0,0,0,0,2,0,0,0,0,0,0,0,0,0,13,0,0,15-Apr-19
3018 C3 A-HW 5 water,5,0,18,0,0,0,0,0,0,0,0,5,7,0,0,0,0,0,0,0,0,0,0,0,0,0,0,0,27,0,0,15-Apr-19
3019 C3 A-HW 6 water,0,0,0,0,0,0,0,0,0,0,0,0,0,0,0,0,0,0,6,0,0,0,0,0,0,0,0,0,17,0,0,15-Apr-19
3020 C3 A-HW 7 water,1,0,1,0,0,0,0,0,0,0,0,9,0,1,0,0,0,0,2,0,0,0,0,0,0,0,0,0,49,0,0,15-Apr-19
3021 C3 A-HW 8 water,0,0,2,0,0,0,0,0,0,0,0,1,0,0,0,0,0,0,3,0,0,0,0,0,0,0,0,0,28,0,0,15-Apr-19
3022 C3 A-HW 9 water,5,0,11,0,0,0,0,0,0,0,0,3,2,4,0,0,0,0,2,0,0,0,0,0,0,0,0,0,31,0,0,15-Apr-19
1464 C3 A-HW 4 water,2,0,4,0,0,0,0,0,0,0,0,6,2,3,0,0,0,0,12,0,0,0,0,0,0,0,0,0,16,0,0,2-Aug-18
1465 C3 A-HW 5 water,4,0,16,0,0,0,0,0,0,0,0,4,8,1,0,0,0,0,3,0,0,0,0,0,0,0,0,0,33,0,0,2-Aug-18
1466 C3 A-HW 6 water,2,0,6,0,0,0,0,0,0,0,0,19,1,9,0,0,0,0,21,0,0,0,0,0,0,0,0,0,19,0,0,2-Aug-18
1467 C3 A-HW 7 water,4,0,5,0,0,0,0,0,0,0,0,9,14,7,0,0,0,0,15,0,0,0,0,0,0,0,0,0,29,0,0,2-Aug-18
1468 C3 A-HW 8 water,2,0,8,0,0,0,0,0,0,0,0,13,6,7,0,0,0,0,12,0,0,0,0,0,0,0,0,0,23,0,0,2-Aug-18
1469 C3 A-HW 9 water,2,0,1,0,0,0,0,0,0,0,0,14,4,14,0,0,0,0,0,0,0,0,0,0,0,0,0,0,45,0,0,2-Aug-18
1470 C3 A-HW 13 drought,0,0,0,0,0,0,0,0,0,0,0,12,5,5,0,0,0,0,8,0,0,0,0,0,0,0,0,0,485,0,0,2-Aug-18
1471 C3 A-HW 14 drought,3,0,6,0,0,0,0,0,0,0,0,2,4,2,0,0,0,0,1,0,0,0,0,0,0,0,0,0,64,0,0,2-Aug-18
1472 C3 A-HW 15 drought,0,0,3,0,0,0,0,0,0,0,0,7,1,8,0,0,0,0,7,0,0,0,0,0,0,0,0,0,179,0,0,2-Aug-18
1473 C3 A-HW 16 drought,2,0,2,0,0,0,0,0,0,0,0,9,8,8,0,0,0,0,0,0,0,0,0,0,0,0,0,0,68,0,0,2-Aug-18
1474 C3 A-HW 17 drought,4,0,10,0,0,0,0,0,0,0,0,54,2,88,0,0,0,0,15,0,0,0,0,0,0,0,0,0,24,0,0,2-Aug-18
1475 C3 A-HW 18 drought,1,0,1,0,0,0,0,0,0,0,0,23,3,10,0,0,0,0,0,0,0,0,0,0,0,0,0,0,36,0,0,2-Aug-18
1476 C3 A-HW 19 drought,0,0,1,0,0,0,0,0,0,0,0,17,5,9,0,0,0,0,2,0,0,0,0,0,0,0,0,0,44,0,0,2-Aug-18
1477 C3 A-HW 20 drought,2,0,0,0,0,0,0,0,0,0,0,10,6,7,0,0,0,0,3,0,0,0,0,0,0,0,0,0,30,0,0,2-Aug-18
1478 C3 A-HW 21 drought,0,0,0,0,0,0,0,0,0,0,0,12,10,11,0,0,0,0,19,0,0,0,0,0,0,0,0,0,26,0,0,2-Aug-18
1479 C3 A-HW 22 drought,0,0,0,0,0,0,0,0,0,0,0,46,4,27,0,0,0,0,11,0,0,0,0,0,0,0,0,0,18,0,0,2-Aug-18
1480 C3 A-HW 23 drought,1,0,2,0,0,0,0,0,0,0,0,9,8,16,0,0,0,0,4,0,0,0,0,0,0,0,0,0,237,0,0,2-Aug-18
1481 C3 A-HW 24 drought,0,0,0,0,0,0,0,0,0,0,0,36,6,16,0,0,0,0,2,0,0,0,0,0,0,0,0,0,51,0,0,2-Aug-18
1482 C3 A-HW 25 drought,3,0,3,0,0,0,0,0,0,0,0,9,1,11,0,0,0,0,30,0,0,0,0,0,0,0,0,0,199,0,0,2-Aug-18
1483 C3 A-HW 26 drought,0,0,4,0,0,0,0,0,0,0,0,14,9,21,0,0,0,0,1,0,0,0,0,0,0,0,0,0,159,0,0,2-Aug-18
1484 C3 A-HW 27 drought,3,0,14,0,0,0,0,0,0,0,0,28,1,12,0,0,0,0,5,0,0,0,0,0,0,0,0,0,22,0,0,2-Aug-18
1558 C3 A-HW 4 water,1,0,6,0,0,0,0,0,0,0,0,2,4,3,0,0,0,0,10,0,0,0,0,0,0,0,0,0,24,0,0
1559 C3 A-HW 5 water,5,0,8,0,0,0,0,0,0,0,0,1,4,1,0,0,0,0,4,0,0,0,0,0,0,0,0,0,41,0,0
1560 C3 A-HW 6 water,0,0,5,0,0,0,0,0,0,0,0,16,2,16,0,0,0,0,11,0,0,0,0,0,0,0,0,0,22,0,0
1561 C3 A-HW 7 water,3,0,9,0,0,0,0,0,0,0,0,13,5,2,0,0,0,0,2,0,0,0,0,0,0,0,0,0,20,0,0
1562 C3 A-HW 8 water,4,0,4,0,0,0,0,0,0,0,0,12,4,12,0,0,0,0,4,0,0,0,0,0,0,0,0,0,19,0,0
1563 C3 A-HW 9 water,0,0,4,0,0,0,0,0,0,0,0,14,4,19,0,0,0,0,5,0,0,0,0,0,0,0,0,0,33,0,0
1564 C3 A-HW 13 drought,0,0,1,0,0,0,0,0,0,0,0,7,1,5,0,0,0,0,1,0,0,0,0,0,0,0,0,0,304,0,0
1565 C3 A-HW 14 drought,14,0,4,0,0,0,0,0,0,0,0,3,6,5,0,0,0,0,2,0,0,0,0,0,0,0,0,0,365,0,0
1566 C3 A-HW 15 drought,0,0,1,0,0,0,0,0,0,0,0,13,2,9,0,0,0,0,5,0,0,0,0,0,0,0,0,0,26,0,0
1567 C3 A-HW 16 drought,1,0,6,0,0,0,0,0,0,0,0,8,3,7,0,0,0,0,1,0,0,0,0,0,0,0,0,0,37,0,0
1568 C3 A-HW 17 drought,1,0,1,0,0,0,0,0,0,0,0,26,23,19,0,0,0,0,7,0,0,0,0,0,0,0,0,0,57,0,0
1569 C3 A-HW 18 drought,0,0,0,0,0,0,0,0,0,0,0,8,4,7,0,0,0,0,3,0,0,0,0,0,0,0,0,0,107,0,0
1570 C3 A-HW 19 drought,0,0,0,0,0,0,0,0,0,0,0,10,0,14,0,0,0,0,46,0,0,0,0,0,0,0,0,0,36,0,0
1571 C3 A-HW 20 drought,0,0,0,0,0,0,0,0,0,0,0,5,1,4,0,0,0,0,3,0,0,0,0,0,0,0,0,0,52,0,0
1572 C3 A-HW 21 drought,0,0,2,0,0,0,0,0,0,0,0,14,6,14,0,0,0,0,10,0,0,0,0,0,0,0,0,0,29,0,0
1573 C3 A-HW 22 drought,0,0,0,0,0,0,0,0,0,0,0,14,5,14,0,0,0,0,9,0,0,0,0,0,0,0,0,0,55,0,0
1574 C3 A-HW 23 drought,2,0,4,0,0,0,0,0,0,0,0,12,13,18,0,0,0,0,3,0,0,0,0,0,0,0,0,0,39,0,0
1575 C3 A-HW 24 drought,0,0,1,0,0,0,0,0,0,0,0,20,2,19,0,0,0,0,2,0,0,0,0,0,0,0,0,0,22,0,0
1576 C3 A-HW 25 drought,5,0,1,0,0,0,0,0,0,0,0,11,6,9,0,0,0,0,9,0,0,0,0,0,0,0,0,0,32,0,0
1577 C3 A-HW 26 drought,0,0,2,0,0,0,0,0,0,0,0,12,6,14,0,0,0,0,2,0,0,0,0,0,0,0,0,0,61,0,0
1578 C3 A-HW 27 drought,7,0,6,0,0,0,0,0,0,0,0,29,2,16,0,0,0,0,2,0,0,0,0,0,0,0,0,0,16,0,0
